Suchanfrage,Klicks,Impressionen,CTR,Position
kapo zh,6222,9331,66.68%,1.01
kantonspolizei zürich,4023,8639,46.57%,1.1
kapo zürich,1303,2233,58.35%,1.01
polizei zürich,730,6209,11.76%,2.73
bussenkatalog zürich,404,590,68.47%,1.04
kapo,391,2561,15.27%,4.96
kriminalmuseum zürich,372,794,46.85%,1.44
flughafenpolizei zürich,349,714,48.88%,1.54
kapo zh news,335,402,83.33%,1
vermisste personen,319,1946,16.39%,2.77
polizeimeldungen zürich,307,1743,17.61%,3.36
polizeimeldungen,297,9852,3.01%,7.4
kapozh,291,372,78.23%,1
polizei news,286,8147,3.51%,6.34
polizeimeldungen kanton zürich,267,1494,17.87%,2.14
kapo zh jobs,259,392,66.07%,1
stromausfall pfäffikon zh,209,2130,9.81%,3.25
sicherheitsbeauftragter flughafen,204,299,68.23%,1.04
kapo zh medien,203,225,90.22%,1.03
polizeischule zürich,196,772,25.39%,2.41
polizei news zürich,189,1132,16.7%,3.24
kapo.zh,188,262,71.76%,1
polizei ausbildung,186,646,28.79%,3.02
www.kapo.zh.ch,183,374,48.93%,1.01
kripo zürich,179,256,69.92%,1
kriminalpolizei zürich,176,445,39.55%,1.39
kantonspolizei,172,1879,9.15%,3.6
kantonspolizei zürich unfälle,169,519,32.56%,1.21
kantonspolizei zürich jobs,166,383,43.34%,1
brand seuzach,139,1943,7.15%,6.21
unfall brütten,137,981,13.97%,4.6
kantonspolizei zürich medien,135,162,83.33%,1.02
polizist werden,131,863,15.18%,4.18
sturmwarnung zürichsee,130,233,55.79%,1
kantonspolizei winterthur,129,527,24.48%,1.87
sicherheitsbeauftragter flughafen zürich,126,197,63.96%,1
vermisste personen zürich,124,177,70.06%,1
kapo zürich medien,123,139,88.49%,1.05
kapo zürich jobs,122,185,65.95%,1
polizei zürich news,118,509,23.18%,2.52
polizei zh,113,205,55.12%,1.1
flughafenpolizei,106,304,34.87%,2.01
flughafen polizei,106,284,37.32%,2.97
polizist werden zürich,105,141,74.47%,1.07
seepolizei zürich,103,601,17.14%,2.51
unfall heute,99,2932,3.38%,7.31
stalking,95,1250,7.6%,9.66
medienmitteilung kapo zh,92,117,78.63%,1
flughafenpolizei zürich jobs,88,126,69.84%,1
sturmwarnung,86,467,18.42%,4.12
flughafen zürich jobs sicherheit,85,316,26.9%,1.32
polizei zürich jobs,85,189,44.97%,1.01
kindersitz schweiz,84,692,12.14%,3.06
waffenerwerbsschein zürich,84,500,16.8%,3.51
polizei kanton zürich,81,154,52.6%,1.08
polizei winterthur,80,2262,3.54%,3.26
polizei affoltern am albis,80,407,19.66%,1.79
unfall dietlikon,78,1267,6.16%,7.3
kriminalmuseum,76,560,13.57%,6.57
kapo zh bewerbung,76,87,87.36%,1
bussenkatalog,75,1047,7.16%,6.81
kapo.zh.ch,75,156,48.08%,1.02
polizeiticker,74,2645,2.8%,8.63
brand in seuzach,74,997,7.42%,6.91
kapo zh medienmitteilungen,74,89,83.15%,1.02
sturmwarnung zürich,72,185,38.92%,1.16
kapo winterthur,71,223,31.84%,1.94
verkehrsbussen zürich,71,126,56.35%,1.05
stellen kapo zh,71,87,81.61%,1.31
unfall neftenbach,69,2756,2.5%,9.31
vermisst oberglatt,69,173,39.88%,2.97
kantonspolizei zürich ausbildung,69,93,74.19%,1
kantonspolizei zürich bewerbung,68,87,78.16%,1
polizeinews zürich,67,591,11.34%,3.99
kapo jobs,66,132,50%,1.7
polizeiticker zürich,64,2376,2.69%,6.35
polizei ausbildung zürich,63,76,82.89%,1.12
sbf,62,320,19.38%,4.26
unfall obfelden,60,329,18.24%,3.82
sicherheitsbeauftragte der flughafenpolizei,60,91,65.93%,1
pfäffikon zh stromausfall,58,365,15.89%,2.39
sicherheitsbeauftragter flughafen zürich lohn,57,120,47.5%,1
polizeischule,56,599,9.35%,8.27
paris rachel jennifer,56,552,10.14%,2.84
kindersitz auto vorschriften,56,375,14.93%,3.76
sicherheitsassistent,56,349,16.05%,2.79
autounfall neftenbach,56,101,55.45%,2.04
polizei jobs,55,647,8.5%,10.6
polizei bülach,55,515,10.68%,2.19
polizei dielsdorf,55,218,25.23%,1.61
blaulicht zürich,55,100,55%,2.23
polizei,54,4219,1.28%,5.63
ausbildung polizei zürich,54,89,60.67%,1.08
kriminalpolizei,53,601,8.82%,5.72
polizist,52,1141,4.56%,3.73
polizei dietikon,51,498,10.24%,1.87
veloprüfung zürich,51,188,27.13%,3.45
zürcher polizei,50,145,34.48%,1.34
mobbing in der schule,49,843,5.81%,11.12
bussen zürich,49,145,33.79%,2.39
esther bünzli,48,446,10.76%,5.25
polizei hinwil,48,228,21.05%,1.81
flughafen sicherheitskontrolle jobs,48,133,36.09%,1.27
kapo zürich bewerbung,48,71,67.61%,1.06
polizei andelfingen,47,157,29.94%,1.77
vermisstmeldung zürich,47,79,59.49%,1
kapo bewerbung,47,49,95.92%,1.04
zürich news polizei,46,355,12.96%,3.08
ausbildung polizei,46,183,25.14%,4.43
zürich polizei news,46,175,26.29%,2.61
polizei flughafen zürich,46,159,28.93%,1.72
polizeimeldungen bülach,46,118,38.98%,1.3
unfälle kanton zürich,46,111,41.44%,2.19
kapo medienmitteilung,46,91,50.55%,1.03
bussen kanton zürich,46,63,73.02%,1
unfall heute zürich oberland,45,1010,4.46%,5.11
passkontrolle flughafen zürich jobs,45,80,56.25%,1
kapo zürich news,45,68,66.18%,1
bewerbung kantonspolizei zürich,45,64,70.31%,1
polizei zürich ausbildung,45,63,71.43%,1.06
polizei zh news,45,57,78.95%,1
polizeiausbildung,43,341,12.61%,10.38
unfall dübendorf,43,265,16.23%,4.39
sicherheitskontrolle flughafen zürich job,43,78,55.13%,1
sbf flughafen,43,64,67.19%,1
kantonspolizei zürich infoabend,43,56,76.79%,1
flughafen zürich polizei,42,169,24.85%,1.79
eintrittstest sicherheitsbeauftragter flughafenpolizei,42,98,42.86%,1
unfall urdorf,41,305,13.44%,4.2
kantonspolizei uster,41,154,26.62%,1.9
waffenschein zürich,41,65,63.08%,1.02
polizeischule zürich voraussetzungen,41,59,69.49%,1.15
polizeigefängnis zürich,40,91,43.96%,2.05
sicherheitsdienst flughafen zürich,40,84,47.62%,1
anzeige erstatten zürich,40,75,53.33%,1.13
kp zürich,40,58,68.97%,1.03
unfall neftenbach heute,39,762,5.12%,7.72
unfall gossau zh,39,299,13.04%,4.39
flughafen zürich jobs zoll,39,92,42.39%,1
unfall wallisellen,38,234,16.24%,3.49
mindestgröße polizei,38,112,33.93%,8.88
polizeiausbildung zürich,38,59,64.41%,1.14
kapo zh ch,38,57,66.67%,1
bussenliste kanton zürich,38,55,69.09%,1
forensisches institut zürich,37,455,8.13%,3.34
kantonspolizei zürich kontakt,37,66,56.06%,1.17
sicherheitsassistent zürich,37,56,66.07%,1
stromausfall pfäffikon,36,995,3.62%,7.36
polizei meldung,36,364,9.89%,6.29
kantonspolizei bülach,36,178,20.22%,1.85
sicherheitsassistent polizei,36,163,22.09%,1.92
zürcher kantonspolizei,36,89,40.45%,1.2
flughafenpolizei zürich ausbildung,36,50,72%,1
kantonspolizei zürich news,36,50,72%,1
kantonspolizei zuerich,36,49,73.47%,1.02
kapo zh ausbildung,36,40,90%,1
polizeibericht zürich,35,205,17.07%,3.02
thomas würgler,35,117,29.91%,1.02
waffenbüro zürich,34,90,37.78%,2.04
grenzkontrolle flughafen zürich,34,90,37.78%,3.76
verkehrsleitzentrale zürich,34,89,38.2%,1
kantonspolizei zürich flughafen,34,82,41.46%,1.44
kapo zh meldungen,34,37,91.89%,1
unfälle zürich,33,420,7.86%,5.05
money mule,33,208,15.87%,4.87
ferox fuchs,33,91,36.26%,1
flughafenpolizei zürich lohn,33,70,47.14%,1
stellen kantonspolizei zürich,33,52,63.46%,1.02
kantonspolizei zürich meldungen,33,44,75%,1
kapo zürich ausbildung,33,37,89.19%,1
sturmwarnung schweiz,32,1351,2.37%,9.13
stalking schweiz,32,333,9.61%,3.32
eingangsprüfung sicherheitsbeauftragter flughafenpolizei,32,85,37.65%,1.01
polizei jobs zürich,32,72,44.44%,1
kantonspolizei jobs,32,57,56.14%,1
kantonspolizei zürich medienstelle,32,38,84.21%,1
polizeimeldung,31,214,14.49%,5.53
ordnungsbussen zürich,31,185,16.76%,3.8
unfall nürensdorf,31,177,17.51%,3.59
kindersitz vorschriften schweiz,31,142,21.83%,3.41
vermisste frau oberglatt,31,91,34.07%,5.33
waffenerwerbsschein kanton zürich,31,86,36.05%,1.94
sicherheitsbeauftragter flughafenpolizei,31,55,56.36%,1
sicherheitsbeauftragte flughafen zürich,31,48,64.58%,1
kantonspolizei zürich medienmitteilungen,31,39,79.49%,1
polizeinews,30,3628,0.83%,7.43
peter berta,30,241,12.45%,6.71
polizei pfäffikon zh,30,182,16.48%,1.76
diebstahl melden,30,166,18.07%,4.38
unfall seuzach,30,161,18.63%,3.27
häusliche gewalt zürich,30,80,37.5%,1.7
geschwindigkeitsbussen zürich,30,51,58.82%,1.25
sicherheitsassistenz polizeigefängnis,30,46,65.22%,1
kantonspolizei dietikon,29,177,16.38%,1.6
polizeimeldung zürich,29,131,22.14%,3.11
unfall glattbrugg,29,78,37.18%,1.03
geschwindigkeitsüberschreitung zürich,29,71,40.85%,1.97
flughafen polizei jobs,29,68,42.65%,1.03
www.kapo.zh.ch/bussen,29,53,54.72%,1.42
gewaltschutz zürich,29,42,69.05%,1
anzeige erstatten,28,397,7.05%,5.26
unfall eglisau,28,385,7.27%,6.71
polizei anforderungen,28,114,24.56%,5.11
unfall niederhasli,28,79,35.44%,2.37
kantonspolizei winterthur meldungen,28,66,42.42%,1.7
vermisst zürich,28,56,50%,1.52
atb zürich,28,48,58.33%,1.02
verkehrsbussen kanton zürich,28,42,66.67%,1
kapo zh infoabend,28,31,90.32%,1
unfall zürich,27,1208,2.24%,8.54
anforderungen polizei,27,109,24.77%,5.78
kantonspolizei news,27,55,49.09%,2.07
polizei news wetzikon,27,52,51.92%,1.15
sicherheitsbeauftragte der flughafenpolizei lohn,27,50,54%,1
kantonspolizei zürich sporttest,27,40,67.5%,1.02
kapo medien,27,38,71.05%,1.53
geschwindigkeitsbussen,26,1074,2.42%,7.65
waffenerwerbsschein,26,880,2.95%,8.22
zürich polizei,26,478,5.44%,3.75
unfall hettlingen,26,474,5.49%,5.36
geschwindigkeitsüberschreitung,26,397,6.55%,3.2
neftenbach unfall,26,337,7.72%,8.25
verkehrspolizei zürich,26,302,8.61%,5.4
gefängniswärter,26,186,13.98%,3.38
sicherheitsassistent lohn,26,107,24.3%,2.81
kapo aktuell,26,77,33.77%,1
kantonspolizei zh,26,70,37.14%,1.13
grenzwächter flughafen zürich,26,49,53.06%,1
polizeiverordnung kanton zürich,26,37,70.27%,1
jobs kapo zh,26,31,83.87%,1
polizeischule kanton zürich,26,31,83.87%,1
drogen,25,2467,1.01%,7.74
bussenkatalog schweiz 2018,25,488,5.12%,8.71
dietlikon unfall,25,487,5.13%,7.33
seepolizei oberrieden,25,148,16.89%,1.94
mobbing in der schule schweiz,25,112,22.32%,1.28
unfall meilen,25,94,26.6%,3.28
jobs polizei zürich,25,61,40.98%,1
kantonspolizei zürich jobs flughafen,25,46,54.35%,1
bussenkatalog kanton zürich,25,40,62.5%,1
unfall heute zürich,24,1035,2.32%,8.62
polizei zurich,24,237,10.13%,3.05
seepolizei,24,183,13.11%,2.29
kantonspolizei wädenswil,24,92,26.09%,1.91
kantonspolizei zurich,24,89,26.97%,1.54
fuchs ferox,24,60,40%,1
polizeimeldungen zh,24,55,43.64%,1.67
kantonales waffenbüro zürich,24,48,50%,2
jobs kantonspolizei zürich,24,44,54.55%,1
zoll flughafen zürich jobs,24,41,58.54%,1.02
sicherheitsassistenz grenzkontrolle,24,38,63.16%,1
veloprüfung stäfa,24,31,77.42%,1
bewerbung kapo zh,24,26,92.31%,1
medienmitteilungen kapo zh,24,25,96%,1
stadtpolizei winterthur,23,5034,0.46%,5.11
polizei news heute,23,1397,1.65%,8.57
unfall dietlikon heute,23,482,4.77%,6.5
sturm zürich,23,346,6.65%,6.07
polizist ausbildung,23,93,24.73%,5.89
kapo.ch,23,59,38.98%,1.14
sicherheitsassistenz grenzkontrolle lohn,23,42,54.76%,1
ordnungsbussen kanton zürich,23,40,57.5%,1
kantonpolizei zürich,23,38,60.53%,1.08
vermisstmeldungen zürich,23,36,63.89%,1.06
polizei flughafen zürich jobs,23,33,69.7%,1
bussen geschwindigkeit zürich,23,30,76.67%,1.07
verkehrsbussen schweiz,22,490,4.49%,4.83
sicherheitsbeauftragter,22,434,5.07%,8.88
bussen schweiz 30er zone,22,426,5.16%,7.88
polizistin,22,388,5.67%,4.47
veloprüfung,22,379,5.8%,6.81
unfall wald zh,22,356,6.18%,6.01
polizei meilen,22,281,7.83%,2.59
polizeibericht,22,222,9.91%,9.37
unfall volketswil,22,126,17.46%,3.98
obfelden unfall,22,98,22.45%,4.32
kantonspolizei zürich kriminalmuseum,22,87,25.29%,1.4
zukunftstag polizei zürich,22,84,26.19%,5.08
waffenschein,22,80,27.5%,2.49
polizeiposten andelfingen,22,73,30.14%,1.51
oberglatt vermisst,22,38,57.89%,2.89
kantonspolizei zürich stellen,22,31,70.97%,1.03
grenzwache flughafen zürich,22,29,75.86%,1
polizei wädenswil,21,346,6.07%,2.88
polizeimeldungen winterthur,21,305,6.89%,5.81
kapo zurich,21,59,35.59%,1.44
unfall tösstal,21,59,35.59%,1.44
kapo uster,21,59,35.59%,1.53
mobbing in der schule strafbar,21,52,40.38%,6
polizist zürich,21,39,53.85%,1.05
flughafenpolizei ausbildung,21,35,60%,1.83
kriminalstatistik zürich,21,28,75%,1
sicherheitspolizei,20,802,2.49%,6.89
kindersitzpflicht schweiz,20,305,6.56%,4.14
seuzach brand,20,268,7.46%,5.84
verkehrsbussen,20,194,10.31%,2.71
polizei ausbildung schweiz,20,163,12.27%,5.56
gefängniswärter job schweiz,20,133,15.04%,2.01
kantonspolizei kloten,20,91,21.98%,1.54
polizei meldung zürich,20,75,26.67%,2.47
aktuelle polizeimeldungen zürich,20,42,47.62%,1.31
siko flughafen,20,42,47.62%,1.67
kapo flughafen,20,35,57.14%,1.57
jobs flughafenpolizei,20,29,68.97%,1
unfall forchstrasse,19,547,3.47%,5.27
polizei horgen,19,281,6.76%,3.33
unfall dietikon,19,244,7.79%,6.3
unfall neftenbach gestern,19,202,9.41%,7.83
polizei embrach,19,175,10.86%,1.67
verkehrsunfall zürich,19,154,12.34%,5.23
mehrzweckstreifen,19,154,12.34%,6.57
kapo news,19,151,12.58%,2.36
kantonspolizei dübendorf,19,141,13.48%,1.64
personenunfall küsnacht,19,116,16.38%,4.74
lohn polizist zürich,19,113,16.81%,2.58
unfall nürensdorf heute,19,77,24.68%,3.03
kantonspolizei affoltern am albis,19,66,28.79%,1.74
grosskontrolle zürich,19,35,54.29%,1.43
kantonspolizei zürich bussen,19,29,65.52%,1.31
sicherheitsbeauftragte flughafen,19,23,82.61%,1
kantonspolizei zürich präventionsabteilung,19,22,86.36%,1
sicherheitskontrolle flughafen zürich,18,319,5.64%,6.78
unfall hettlingen heute,18,260,6.92%,4.61
polizist werden schweiz,18,249,7.23%,5.15
cybercrime,18,224,8.04%,5.73
gefährderansprache,18,185,9.73%,7.66
unfall brütten 2018,18,174,10.34%,4.32
polizeirapport zürich,18,90,20%,2.28
kriminalpolizei schweiz,18,88,20.45%,3.08
polizei zürich meldungen,18,56,32.14%,2.02
zürich kantonspolizei,18,47,38.3%,1.81
kantonspolizei zürich lohn,18,43,41.86%,1.12
flughafen zürich sicherheitskontrolle jobs,18,37,48.65%,1
bussen 30er zone kanton zürich,18,30,60%,1.43
zürichsee sturmwarnung,18,24,75%,1
diebstahl melden polizei zürich,18,24,75%,1.21
bussenkatalog schweiz,17,1246,1.36%,9.63
bussenrechner,17,512,3.32%,8.9
brütten unfall,17,201,8.46%,4.9
mobbing schule,17,197,8.63%,21.87
passkontrolle flughafen zürich,17,129,13.18%,4.95
blitzer zürich,17,127,13.39%,5.52
esther bünzli oberglatt,17,112,15.18%,4.28
polizei anzeige,17,94,18.09%,4.28
polizei diebstahl melden,17,86,19.77%,7.88
kantonspolizei dielsdorf,17,71,23.94%,1.51
flughafen sicherheit job,17,49,34.69%,7.47
sbf zürich,17,26,65.38%,1
bussenkatalog zh,17,22,77.27%,1
stellen polizei zürich,17,21,80.95%,1
häusliche gewalt,16,652,2.45%,11.19
polizei dübendorf,16,428,3.74%,3.2
unfall sternenberg,16,306,5.23%,6.58
vermisstenanzeige,16,160,10%,5.33
unfall rüti zh,16,158,10.13%,4.05
unfall obfelden heute,16,148,10.81%,4.05
polizei stellen,16,147,10.88%,5.31
polizei rümlang,16,144,11.11%,1.75
infoabend polizei,16,94,17.02%,3.96
polizei affoltern,16,73,21.92%,1.93
sicherheit flughafen zürich,16,71,22.54%,2.41
kapo bülach,16,59,27.12%,1.9
unfall kanton zürich,16,59,27.12%,2.03
polizeigefängnis zürich kasernenstrasse,16,38,42.11%,2.03
sturmwarnung zürichsee standorte,16,35,45.71%,1.11
lohn kantonspolizei zürich,16,27,59.26%,1.59
verkehrspolizei kanton zürich,16,26,61.54%,1
sicherheitsbeauftragter der flughafenpolizei,16,24,66.67%,1
bussentabelle kanton zürich,16,22,72.73%,1
sicherheitspolizei flughafen zürich,16,22,72.73%,1
kapi zh,16,19,84.21%,1
polizei uster,15,612,2.45%,4.49
vermisste personen schweiz,15,514,2.92%,9.65
polizei wallisellen,15,297,5.05%,2.59
privatparkplatz,15,219,6.85%,3.94
kripo,15,216,6.94%,3.75
unfall seestrasse zürich,15,188,7.98%,3.79
polizei bassersdorf,15,176,8.52%,2.51
polizistin werden,15,143,10.49%,7.41
unfall hinwil,15,128,11.72%,3.38
kindersitz vorschriften,15,110,13.64%,11.63
kriminalpolizei ausbildung schweiz,15,100,15%,3.69
kantonspolizei schlieren,15,99,15.15%,1.51
kantonspolizei regensdorf,15,95,15.79%,1.6
anzeige polizei,15,95,15.79%,4.06
polizei anzeige erstatten,15,85,17.65%,3.94
verlustmeldung polizei,15,76,19.74%,7.51
kantonspolizei meilen,15,69,21.74%,1.51
kantonspolizei zürich winterthur,15,60,25%,1.8
kantonspolizei hinwil,15,52,28.85%,1.87
polizistin ausbildung,15,52,28.85%,17.1
polizei zürich flughafen,15,50,30%,1.62
polizeimeldungen zürich heute,15,42,35.71%,1.71
vermisste oberglatt,15,40,37.5%,5.17
flughafen sicherheitskontrolle job,15,30,50%,2.63
kantonspolizei zürich akteneinsicht,15,16,93.75%,1
vermisst,14,902,1.55%,8.88
lohn polizist,14,410,3.41%,6.08
jobs polizei,14,307,4.56%,5.1
polizei rüti,14,251,5.58%,3.78
polizeiassistent,14,230,6.09%,5.44
sitzerhöhung ab wann schweiz,14,230,6.09%,8.03
gewaltschutz,14,164,8.54%,15.36
polizeischule schweiz,14,152,9.21%,6.14
kindersitz pflicht schweiz,14,145,9.66%,3.95
unfall kloten,14,131,10.69%,5.3
unfall samstagern,14,55,25.45%,2.82
jobs kapo zürich,14,26,53.85%,1
vermisstmeldung,13,481,2.7%,6.24
polizeieinsatz heute,13,376,3.46%,7.57
nachrichten zürich aktuell,13,280,4.64%,5.86
kindersitz auto schweiz,13,265,4.91%,4.78
polizei effretikon,13,219,5.94%,3.03
unfall tagelswangen heute,13,216,6.02%,7.05
rotlichtblitzer zürich,13,152,8.55%,8.95
urdorf unfall,13,142,9.15%,4.18
unfall hinwil heute,13,111,11.71%,4.39
unfall uster,13,105,12.38%,4.93
polizei nachrichten,13,86,15.12%,6.2
kantonspolizei effretikon,13,83,15.66%,1.64
polizei flughafen,13,83,15.66%,2.77
messerstecherei winterthur,13,82,15.85%,8.45
polizei voraussetzungen,13,52,25%,2.33
unfall männedorf,13,52,25%,2.52
mobbing schule schweiz,13,50,26%,1.38
unfall brütten 5.10.18,13,50,26%,3.38
kantonspolizei urdorf,13,47,27.66%,1.57
kapo wädenswil,13,32,40.62%,1.75
"wie lange muss ein kind in der schweiz mit einer geeigneten 
kinderrückhaltevorrichtung im auto gesichert werden?",13,30,43.33%,1
flughafen security jobs,13,30,43.33%,4.1
geschwindigkeitsbussen kanton zürich,13,26,50%,1.15
www.kapo.zh.ch/jobs,13,24,54.17%,1
cybercrime zürich,13,23,56.52%,1
haftkoordination zürich,13,21,61.9%,1
geblitzt schweiz,12,297,4.04%,5.44
allgemeines fahrverbot,12,284,4.23%,8.76
polizei adliswil,12,273,4.4%,2.8
anzeige gegen unbekannt,12,191,6.28%,4.5
unfall wetzikon,12,139,8.63%,6.32
bülach news,12,112,10.71%,6.22
polizei wiesendangen,12,92,13.04%,1.58
polizei pfäffikon,12,59,20.34%,1.49
polizist anforderungen,12,46,26.09%,2.93
sicherheits jobs flughafen zürich,12,38,31.58%,1.16
einsatzzentrale kantonspolizei zürich,12,36,33.33%,1
zivile stellen polizei,12,36,33.33%,4.33
verkehrszug urdorf,12,28,42.86%,1.36
diebstahl melden zürich,12,28,42.86%,2.57
meldungen kantonspolizei zürich,12,14,85.71%,1.07
unfall,11,484,2.27%,5.43
polizist lohn,11,403,2.73%,5.68
vermisstmeldungen,11,323,3.41%,6.88
polizei küsnacht,11,305,3.61%,4.77
polizei volketswil,11,264,4.17%,5.32
stromausfall zürcher oberland,11,250,4.4%,8.41
polizei ticker,11,234,4.7%,5.62
30er zone busse,11,210,5.24%,6.94
polizeimuseum zürich,11,182,6.04%,4.12
polizei glattbrugg,11,159,6.92%,2.29
polizei wald,11,129,8.53%,3.91
busse 30 zone,11,126,8.73%,6.55
polizeinachrichten zürich,11,125,8.8%,3.36
personenunfall,11,106,10.38%,6.2
zürich polizeimeldungen,11,95,11.58%,3.92
kriminalpolizei ausbildung,11,81,13.58%,4.36
kantonspolizei wallisellen,11,76,14.47%,1.63
sicherheitsbeauftragter lohn,11,74,14.86%,5.58
polizeischule anforderungen,11,71,15.49%,5.35
kindersitz gesetz schweiz,11,68,16.18%,3.46
polizei news effretikon,11,61,18.03%,4.2
busse zürich,11,59,18.64%,3.68
polizeischule zürich lohn,11,58,18.97%,1.91
fachstelle häusliche gewalt,11,58,18.97%,3.81
christiane lentjes meili,11,52,21.15%,1.02
vorschriften kindersitze schweiz,11,52,21.15%,2.54
online anzeige erstatten,11,52,21.15%,2.92
sporttest polizei zürich,11,51,21.57%,3.49
kapo regensdorf,11,42,26.19%,1.45
polizia cantonale zurigo,11,34,32.35%,3
polizei news zh,11,32,34.38%,2
cyberkriminalität polizei,11,30,36.67%,7.07
grenzwache zürich,11,29,37.93%,1
polizei cyberkriminalität,11,27,40.74%,1.11
kanton zürich polizei,11,25,44%,1.12
kantonspolizei andelfingen,11,25,44%,1.24
unfall bülach heute,10,466,2.15%,8.15
polizei lohn,10,267,3.75%,6.25
brütten,10,259,3.86%,9.69
velounfall zürich,10,247,4.05%,5.15
medienmitteilung,10,208,4.81%,5.06
übertretungsanzeige,10,164,6.1%,4.96
ferox,10,163,6.13%,8
stromausfall bülach,10,153,6.54%,5.89
unfall forchstrasse heute,10,140,7.14%,4.76
autounfall,10,126,7.94%,5.89
unfall brüttisellen heute,10,117,8.55%,6.29
unfall brütten heute,10,108,9.26%,5.57
unfall zwillikon,10,106,9.43%,5.11
polizei buchs zh,10,100,10%,1.68
flughafen sicherheitskontrolle,10,92,10.87%,6.2
fussgängerstreifen schweiz gesetz,10,87,11.49%,3.98
dietikon unfall,10,87,11.49%,6.64
job polizei,10,87,11.49%,7.57
polizei wald zh,10,86,11.63%,1.67
polizeiposten bülach,10,83,12.05%,1.53
unfall in neftenbach,10,78,12.82%,8.94
polizeiposten hinwil,10,73,13.7%,1.82
unfall zürcher oberland,10,72,13.89%,3.08
polizei neftenbach,10,63,15.87%,1.71
polizeiposten affoltern am albis,10,62,16.13%,1.71
verkehrsleitzentrale,10,62,16.13%,5.18
vorgehen bei mobbing in der schule,10,57,17.54%,3.74
allgemeines fahrverbot auf waldwegen,10,55,18.18%,2.2
personenunfall erlenbach,10,54,18.52%,2.48
vermisstenanzeige schweiz,10,47,21.28%,8.09
ausbildung polizist,10,47,21.28%,13.62
ester bünzli,10,39,25.64%,5.41
kindersitz regelung,10,39,25.64%,8.9
polizei dübendorf news,10,33,30.3%,2
wurde ich geblitzt,10,32,31.25%,8
flughafen polizei zürich,10,29,34.48%,1.31
kapo meilen,10,29,34.48%,1.31
ausbildung zum polizist,10,26,38.46%,16.81
kantonspolizei zürich cybercrime,10,25,40%,1
unfall ebmatingen,10,24,41.67%,2.83
kantonspolizei meldungen,10,23,43.48%,1.35
kantonale ausnahmebewilligung zürich,10,21,47.62%,1
radar bussen zürich,10,21,47.62%,1.62
haftkoordination,10,20,50%,1
kantonspolizei zürich verkehrsbussen,10,19,52.63%,1.37
güllenloch unfall,10,18,55.56%,2.94
flughafen zürich polizei jobs,10,14,71.43%,1
aktenherausgabe stelle kantonspolizei zürich,10,13,76.92%,1
www.kapo.zh.ch veloprüfung,10,13,76.92%,1
infoabend kapo zh,10,10,100%,1
tödlicher unfall,9,557,1.62%,6.62
polizeiticker winterthur,9,449,2%,8.08
stadtpolizei zürich jobs,9,374,2.41%,7.4
polizei regensdorf,9,313,2.88%,4.27
winterthur polizei,9,285,3.16%,4.99
waffen zürich,9,278,3.24%,7.13
polizei schlieren,9,270,3.33%,3.63
bussentabelle schweiz,9,266,3.38%,6
unfall bahnhof zürich,9,224,4.02%,8.89
brückenbauer,9,219,4.11%,5.36
eheschutzmassnahmen,9,218,4.13%,7.35
pfäffikon stromausfall,9,210,4.29%,7.42
forensisches institut,9,193,4.66%,3.5
vermisste person,9,183,4.92%,5.92
bussenkatalog schweiz 30er zone,9,159,5.66%,8.03
unfall illnau gestern,9,144,6.25%,6.4
polizei urdorf,9,132,6.82%,1.75
kantonspolizei wetzikon,9,131,6.87%,3.34
unfall dietlikon gestern,9,129,6.98%,6.58
verkehrsunfall neftenbach,9,122,7.38%,6.61
unfallmeldungen zürich,9,120,7.5%,4.26
unfall bassersdorf,9,107,8.41%,4.41
kindersitzerhöhung schweiz,9,106,8.49%,3.58
polizei infoabend,9,103,8.74%,4.12
grenzpolizei schweiz,9,98,9.18%,2.91
unfall bassersdorf heute,9,91,9.89%,5.46
polizei seuzach,9,83,10.84%,2.02
unfall kemptthal,9,78,11.54%,3.28
gefängnis jobs,9,78,11.54%,6.88
polizei werden,9,65,13.85%,8.83
unfall urdorf heute,9,63,14.29%,5.21
kripo schweiz,9,57,15.79%,2.54
ausnahmebewilligung waffen,9,52,17.31%,4.65
kantonspolizei adliswil,9,48,18.75%,1.81
eignungstest polizei zürich,9,48,18.75%,4.25
unfall männedorf heute,9,47,19.15%,3.02
unfall schlieren,9,45,20%,5.04
polizeiposten dielsdorf,9,44,20.45%,1.55
unfall glattbrugg heute,9,41,21.95%,2.27
unfall elgg,9,38,23.68%,6.32
mobbing schweiz schule,9,36,25%,1.39
polizei bülach news,9,33,27.27%,2.64
unfall jauchegrube,9,32,28.12%,2.31
geblitzt,9,31,29.03%,1.45
akteneinsicht polizei,9,31,29.03%,9
flughafensicherheit,9,30,30%,1.73
kantonspolizei flughafen,9,29,31.03%,1.48
polizei mindestgröße,9,29,31.03%,2.41
übertretungsvorhalt,9,27,33.33%,2.3
ausnahmetransportbegleiter,9,26,34.62%,1.04
polizei news dübendorf,9,23,39.13%,2
zh polizei,9,22,40.91%,1
polizei job zürich,9,21,42.86%,1
sturmwarnung zürich heute,9,21,42.86%,2.19
kantonspolizei zürich lohntabelle,9,20,45%,1.1
strassenverkehrsamt bussen,9,20,45%,3.4
frau vermisst oberglatt,9,17,52.94%,6.35
polizeischule zürich anforderungen,9,14,64.29%,1.36
kapo zürich flughafen,9,13,69.23%,1.08
epolice,8,1983,0.4%,7.23
bussen schweiz,8,894,0.89%,9.19
unfall zürich heute,8,662,1.21%,8.92
polizeieinsatz zürich,8,323,2.48%,8.41
kindersitzpflicht,8,207,3.86%,15.61
autounfall heute,8,176,4.55%,9.02
polizei meldungen,8,169,4.73%,6.75
verkehrsunfall heute,8,140,5.71%,10.01
selbstmord zürich,8,125,6.4%,5.58
polizei medienmitteilung,8,114,7.02%,3.89
unfallmeldungen,8,113,7.08%,4.37
bahnhof zürich unfall,8,110,7.27%,7.75
polizei bewerbung,8,108,7.41%,10.41
polizei rafz,8,100,8%,3.13
polizei niederglatt,8,98,8.16%,1.71
forchstrasse unfall,8,91,8.79%,4.32
unfall rümlang,8,85,9.41%,4.34
unfall rorbas,8,84,9.52%,7.37
kantonale ausnahmebewilligung schalldämpfer,8,79,10.13%,5.47
kaserne zürich polizei,8,76,10.53%,1.88
spezialeinheit diamant,8,76,10.53%,3.51
jobs bei der polizei,8,75,10.67%,5.19
pfäffikon zh news,8,72,11.11%,5.53
stadtpolizei winterthur jobs,8,70,11.43%,5.43
verkehrsbusse,8,68,11.76%,2.21
unfall dietikon gestern,8,68,11.76%,4.31
unfall henggart,8,67,11.94%,6.15
kantonspolizei thalwil,8,62,12.9%,1.42
motorradunfall zürich,8,62,12.9%,4.65
unfall affoltern am albis 2018,8,59,13.56%,5.34
polizeiverordnung zürich,8,58,13.79%,4.24
security flughafen zürich,8,56,14.29%,3.93
busse 30er zone,8,56,14.29%,5.16
unfall otelfingen,8,55,14.55%,5.62
kriminalität zürich,8,53,15.09%,2
oberglatt unfall,8,51,15.69%,4.02
gemeindepolizei affoltern am albis,8,51,15.69%,4.27
unfall bülach 2018,8,50,16%,4.5
polizei bonstetten,8,49,16.33%,1.57
unfall bachenbülach,8,49,16.33%,4.82
unfall flughafen zürich,8,49,16.33%,6.53
unfall dielsdorf,8,48,16.67%,4.52
verkehrspolizei bülach,8,47,17.02%,1.7
polizei lohn zürich,8,47,17.02%,2.09
polizei lehrstellen,8,47,17.02%,5.32
waffenschein beantragen,8,46,17.39%,2.61
gefängniswärter jobs,8,45,17.78%,2.42
unfall dübendorf gestern,8,45,17.78%,5.69
unfall forch,8,39,20.51%,4.38
polizeiposten uster,8,38,21.05%,1.87
verkehrsunfälle zürich,8,37,21.62%,3.57
offene stellen polizei zürich,8,36,22.22%,1.08
kindersitze vorschriften schweiz,8,34,23.53%,3.76
polizeiposten pfäffikon zh,8,33,24.24%,1.55
polizeinews zh,8,33,24.24%,2.67
kantonale ausnahmebewilligung,8,31,25.81%,2.45
lohn polizei zürich,8,30,26.67%,2
polizei news rüti zh,8,30,26.67%,2.53
kapo dietikon,8,29,27.59%,1.55
polizei karriere,8,29,27.59%,7.93
vorschrift kindersitz schweiz,8,28,28.57%,4.43
kriminalpolizei aufgaben,8,27,29.63%,11.26
kindersitz vorschrift schweiz,8,26,30.77%,4.19
forensisches institut zürich jobs,8,25,32%,2.28
rotlicht überfahren stadt zürich,8,25,32%,3.28
polizei aufnahmeprüfung zürich,8,24,33.33%,2.42
sicherheitsbeauftragter flughafen gehalt,8,23,34.78%,1.83
vereidigung kapo zürich,8,17,47.06%,1
laserpointer waffengesetz,8,17,47.06%,2.12
kindersitz gesetz 2018,8,15,53.33%,6.53
polizei zürich diebstahl melden,8,13,61.54%,1.08
mordrate zürich,8,12,66.67%,1
anzeige polizei zürich,8,11,72.73%,1
kapo zurich jobs,8,9,88.89%,1
kapo zh aktuell,8,8,100%,1
polizei wetzikon,7,356,1.97%,4.44
flughafen zürich sicherheitskontrolle,7,255,2.75%,7.24
unfall gestern,7,186,3.76%,6.19
waffentragschein,7,184,3.8%,6.39
polizeirapport,7,168,4.17%,6.65
stellen polizei,7,154,4.55%,5.6
polizei fällanden,7,147,4.76%,3.93
unfall fehraltorf,7,138,5.07%,6.99
unfall wädenswil heute,7,137,5.11%,8.26
polizei aufnahmeprüfung,7,132,5.3%,14.99
kindersitze schweiz,7,129,5.43%,4.45
polizei turbenthal,7,123,5.69%,2.3
unfall dübendorf heute,7,113,6.19%,6.39
unfall seestrasse,7,99,7.07%,3.7
lohn polizei,7,98,7.14%,9.54
busse rotlicht überfahren zürich,7,91,7.69%,3.69
uster polizei,7,89,7.87%,4.57
zurich polizei,7,84,8.33%,3.38
kantons polizei,7,78,8.97%,2.94
sitzerhöhung ab welchem alter schweiz,7,78,8.97%,7.59
polizei birmensdorf,7,76,9.21%,1.59
unfall tagelswangen,7,76,9.21%,7.22
unfall forchstrasse zürich,7,73,9.59%,4.33
illnau unfall,7,72,9.72%,7.67
zürich kriminalität,7,68,10.29%,2
polizei news wädenswil,7,64,10.94%,3.11
unfall ottenbach,7,63,11.11%,2.68
polizeikontrolle zürich,7,63,11.11%,2.87
rückhaltevorrichtung,7,63,11.11%,3.56
money mules,7,58,12.07%,4.98
unfall meilen heute,7,57,12.28%,4.19
polizeiposten embrach,7,56,12.5%,1.52
kantonspolizei horgen,7,53,13.21%,1.49
unfall seestrasse zollikon,7,52,13.46%,1.94
übertretungsanzeige busse,7,52,13.46%,3.94
kindersitz regelung schweiz,7,51,13.73%,4.24
polizeiposten rafz,7,49,14.29%,1.57
internet polizei schweiz,7,49,14.29%,3.63
polizei hombrechtikon,7,48,14.58%,3.42
unfall weinland,7,48,14.58%,4.17
gesetz kindersitz schweiz,7,47,14.89%,4.47
cyberkriminalität melden,7,47,14.89%,9.38
kantonspolizei küsnacht,7,46,15.22%,2.35
polizei beratung,7,44,15.91%,26.84
unfälle stadt zürich,7,42,16.67%,4.24
zukunftstag polizei,7,41,17.07%,6.59
kantonspolizei stäfa,7,40,17.5%,1.5
online anzeige,7,40,17.5%,3.17
ermittler wirtschaftskriminalität,7,40,17.5%,5.15
kindersitz alter schweiz,7,38,18.42%,4.21
sicherheitsberatung polizei,7,37,18.92%,15.62
polizei online anzeige,7,35,20%,2.91
dolche mit asymmetrischer klinge,7,34,20.59%,1.62
polizeiposten turbenthal,7,34,20.59%,1.62
kantonspolizei zürich telefon,7,34,20.59%,1.94
grenzpolizei flughafen zürich,7,32,21.88%,2.38
verlustanzeige polizei,7,31,22.58%,3.16
ordnungsbusse mit bedenkfrist zürich,7,31,22.58%,3.55
unfall glattfelden heute,7,30,23.33%,2.6
anmeldung polizeischule,7,30,23.33%,5.6
würgler thomas,7,29,24.14%,1.52
kantonspolizei zürich adresse,7,29,24.14%,1.83
ueli zoelly,7,29,24.14%,2
kantonale ausnahmebewilligung waffen,7,29,24.14%,2.45
kapo hinwil,7,26,26.92%,1.77
vorschriften kindersitz,7,26,26.92%,11.35
hinwil polizei,7,25,28%,1.84
polizeiberichte zürich,7,25,28%,3.64
kommandant kantonspolizei zürich,7,24,29.17%,1
seepolizei zürichsee,7,24,29.17%,2.25
kantons polizei zürich,7,20,35%,1.05
kapo dielsdorf,7,20,35%,1.45
mindestgrösse polizei,7,18,38.89%,1.44
bussen zürich geschwindigkeit,7,18,38.89%,2.61
polizei news urdorf,7,13,53.85%,1.08
kriminalpolizei zürich ausbildung,7,11,63.64%,1
fragen an die polizei,7,11,63.64%,1.82
www.kapo.zh,7,9,77.78%,1
sicherheitsassistent flughafen,7,8,87.5%,2.25
graffiti,6,3944,0.15%,8.78
stadtpolizei zürich,6,3741,0.16%,8.88
gmtf,6,937,0.64%,5.45
bezirk horgen,6,477,1.26%,3.43
verkehrspolizei,6,316,1.9%,8.86
polizei kloten,6,285,2.11%,5.98
bezirk meilen,6,251,2.39%,3.95
polizei thalwil,6,249,2.41%,4.42
seuzach,6,226,2.65%,13.78
ordnungsbussen,6,189,3.17%,9.17
vermisste personen schweiz 2018,6,187,3.21%,8.57
unfall kilchberg,6,144,4.17%,8.22
unfall eglisau rafz heute,6,141,4.26%,6.43
unfall hauptbahnhof zürich,6,138,4.35%,9.63
polizeiarbeit,6,135,4.44%,7.05
polizei schule,6,126,4.76%,5.91
30 zone geblitzt schweiz,6,126,4.76%,8.67
aktuelle nachrichten winterthur,6,121,4.96%,8.98
polizei info,6,119,5.04%,6.88
polizei lohn gehalt,6,106,5.66%,8.11
dübendorf unfall,6,105,5.71%,5.5
unfall rüti,6,96,6.25%,6.61
grenzwache jobs,6,95,6.32%,6.04
bülach polizei,6,89,6.74%,2.39
polizeiaspirant,6,88,6.82%,3.14
unfall gubrist aktuell,6,88,6.82%,6.83
cybercrime schweiz,6,79,7.59%,4.59
ausbildung polizei schweiz,6,79,7.59%,7.81
zürich hb unfall,6,76,7.89%,11.04
unfall rafz,6,73,8.22%,7
unfall rafz heute,6,72,8.33%,7.92
gefängnisaufseher job,6,65,9.23%,3.68
flughafen sicherheit,6,65,9.23%,21.35
polizist werden voraussetzungen schweiz,6,63,9.52%,5.06
polizeieinsatz,6,61,9.84%,5.98
stalking anzeige,6,58,10.34%,19.22
unfall fällanden,6,57,10.53%,2.98
auto abgeschleppt zürich,6,57,10.53%,5.11
velounfall dietlikon,6,56,10.71%,4.79
unfälle zürich heute,6,56,10.71%,5.25
parkbusse stadt zürich,6,56,10.71%,5.98
polizei schweiz ausbildung,6,56,10.71%,7.04
polizei oberengstringen,6,54,11.11%,1.76
news zürcher oberland,6,53,11.32%,3.6
polizeiassistent zürich,6,53,11.32%,3.94
kantonspolizei rüti,6,51,11.76%,2.39
polizeireport zürich,6,46,13.04%,2.91
strassenverkehr zürich,6,46,13.04%,2.91
passkontrolle flughafen zürich telefonnummer,6,45,13.33%,6.84
polizeiposten meilen,6,43,13.95%,1.72
unfall dietikon 2018,6,43,13.95%,2.86
polizei aktuell,6,42,14.29%,5.07
waffenerwerbsschein winterthur,6,42,14.29%,5.24
bussen stadt zürich,6,42,14.29%,6.05
polizeiposten kloten,6,39,15.38%,1.64
adliswil polizei news,6,38,15.79%,4.29
unfall pfungen,6,37,16.22%,4.19
ausbildung zur polizistin,6,36,16.67%,25.67
vereidigung polizei,6,35,17.14%,2.03
autobahnpolizei zürich,6,33,18.18%,1.91
kantonspolizei pfäffikon,6,32,18.75%,1.56
polizeischule zürich anmeldung,6,31,19.35%,2.87
opfikon polizei,6,31,19.35%,3.97
busenkatalog,6,31,19.35%,4.06
polizeiposten glattbrugg,6,30,20%,1.43
mindestgrösse polizei schweiz,6,30,20%,2.57
polizei nachrichten zürich,6,30,20%,3.37
kapo ch,6,29,20.69%,1.66
kilchberg unfall,6,29,20.69%,7.48
lohn polizeischule,6,28,21.43%,3.86
polizei zuerich,6,27,22.22%,2.59
verkehrszug hinwil,6,26,23.08%,1.23
polizeimeldungen rüti zh,6,25,24%,2.88
einbrüche zürich,6,25,24%,4.92
sicherheitsmitarbeiter flughafen,6,23,26.09%,4.7
bussenkatalog stadt zürich,6,22,27.27%,2.91
velodiebstahl zürich,6,22,27.27%,3.32
polizei fragen,6,21,28.57%,31.05
unfall uitikon waldegg,6,19,31.58%,4.16
flughafen zoll jobs,6,18,33.33%,2.67
trendfahrzeuge,6,18,33.33%,3.78
vermisste person oberglatt,6,18,33.33%,5.83
strafantrag formular zürich,6,17,35.29%,1.12
kindersitzerhöhung ab wann schweiz,6,17,35.29%,3.71
job polizei zürich,6,13,46.15%,1.08
polizei news kanton zürich,6,12,50%,1.33
polizeinachrichten kanton zürich,6,9,66.67%,1
anzeige diebstahl polizei,6,9,66.67%,31
kantonspolizei zürich verkehrstechnische abteilung,6,7,85.71%,1
117,5,1395,0.36%,8.98
tödlicher unfall zürich,5,1323,0.38%,8.21
polizei schweiz,5,704,0.71%,8.99
betrug,5,686,0.73%,10.78
aktuell,5,676,0.74%,6.13
fussgängerstreifen,5,492,1.02%,8.62
polizeieinsatz zürich heute,5,439,1.14%,8.92
unfall heute autobahn,5,396,1.26%,18.56
stadtpolizei bülach,5,364,1.37%,5.09
stadtpolizei dietikon,5,346,1.45%,4.77
schusswaffen,5,241,2.07%,18.45
zhps,5,226,2.21%,3.97
polizeiposten,5,169,2.96%,2.81
kriminalstatistik,5,149,3.36%,6.46
unfall wald,5,147,3.4%,6.93
waffenerwerbsschein beantragen,5,123,4.07%,8.01
tödlicher unfall neftenbach,5,114,4.39%,8.96
unfall zürich gestern,5,108,4.63%,7.73
unfall bülach,5,104,4.81%,8.67
polizeiausbildung schweiz,5,102,4.9%,7.52
polizei job,5,101,4.95%,8.55
autobahnpolizei schweiz,5,97,5.15%,4.34
hettlingen unfall,5,92,5.43%,5.6
unfall dietikon heute,5,91,5.49%,5.95
waffenerwerbschein,5,86,5.81%,6.37
unfall wehntalerstrasse,5,83,6.02%,6.92
unfall dürnten,5,82,6.1%,5.09
news polizei,5,82,6.1%,6.93
schlieren polizei,5,77,6.49%,4.36
unfall in dietikon,5,77,6.49%,8.14
unfall fehraltorf heute,5,69,7.25%,3.88
polizeieinsatz uster heute,5,69,7.25%,4.32
polizei sporttest,5,68,7.35%,5.74
sandra walser,5,67,7.46%,4.51
übertretungsanzeige schweiz,5,67,7.46%,5.45
unfall kloten heute,5,65,7.69%,6.11
rotlicht busse stadt zürich,5,62,8.06%,4.02
velodiebstahl melden,5,62,8.06%,6.94
strafanzeige formular,5,59,8.47%,5.53
ab wann sitzerhöhung schweiz,5,59,8.47%,7.36
kantonspolizei zürich (hauptsitz) zürich,5,58,8.62%,1.48
urdorf polizei,5,56,8.93%,1.89
sicherheitsbeauftragte,5,52,9.62%,7.13
unfall rorbas heute,5,50,10%,3.84
wetzikon unfall,5,50,10%,6.06
unfall aktuell,5,47,10.64%,5
internetkriminalität schweiz,5,47,10.64%,5.77
polizeiposten dübendorf,5,46,10.87%,2.8
polizeiticker kanton zürich,5,46,10.87%,5
personenunfall zürich,5,44,11.36%,5.05
polizei uster einsätze,5,41,12.2%,5.27
unfall lindau,5,40,12.5%,13.68
bussenregister,5,39,12.82%,3.62
busse rotlicht,5,39,12.82%,5.38
mobile einsatzzentrale kapo zürich,5,38,13.16%,1.55
kantonspolizei volketswil,5,37,13.51%,1.65
sicherheitsassistentin,5,37,13.51%,3.92
news pfäffikon zh,5,37,13.51%,4.84
polizeiposten stäfa,5,36,13.89%,3.03
polizeischule lohn,5,36,13.89%,4.47
blaulicht uster,5,36,13.89%,4.61
diebstahl melden polizei,5,36,13.89%,16.44
unfall zürich oberland,5,35,14.29%,5.4
kantonspolizei zürich (hauptsitz) 8021 zürich,5,33,15.15%,1.36
kindersitz regel schweiz,5,32,15.62%,3.84
bassersdorf polizei,5,31,16.13%,2.87
ausnahmetransport,5,31,16.13%,4.29
velo fussgängerstreifen,5,31,16.13%,7.29
terry döbeli,5,30,16.67%,1.07
unfälle heute kanton zürich,5,29,17.24%,2.72
gefängnis zürich jobs,5,28,17.86%,3.25
polizei einbruchschutz,5,28,17.86%,4.93
was tun gegen mobbing in der schule,5,28,17.86%,22.54
kantonspolizei zürich bülach,5,27,18.52%,1.7
polizei kaserne zürich,5,26,19.23%,1.88
polizei news zürich heute,5,26,19.23%,3.04
reinhard brunner,5,26,19.23%,4.96
audienzrichterliches verbot zürich,5,26,19.23%,5.65
kapo stäfa,5,25,20%,1.24
news polizei zürich,5,24,20.83%,2.79
kapo app,5,24,20.83%,4.71
kind ohne kindersitz strafe,5,24,20.83%,22.75
grossbrand seuzach,5,23,21.74%,6.17
unfall rümlang 2018,5,22,22.73%,1.68
job gefängnis,5,22,22.73%,7.14
bewerbung polizei,5,22,22.73%,10.64
polizei embrach öffnungszeiten,5,21,23.81%,1.9
polizeischutz bei bedrohung,5,21,23.81%,4.67
flughafen zürich jobs security,5,20,25%,1.85
polizeiposten horgen,5,20,25%,1.85
ab wann kein kindersitz mehr schweiz,5,20,25%,2.45
polizei elgg,5,20,25%,5.25
löhne polizei,5,20,25%,6.7
fahrraddiebstahl zürich,5,19,26.32%,2.74
wirtschaftskriminalität polizei,5,19,26.32%,4.32
polizei fragen stellen,5,18,27.78%,6.94
kapo wallisellen,5,17,29.41%,1.29
polizisten ausbildung,5,17,29.41%,2.29
praktikum polizei,5,17,29.41%,4.12
gefängnis job,5,17,29.41%,6.53
bussenkatalog zürich geschwindigkeit,5,16,31.25%,3.19
gesuch waffenerwerbsschein zürich,5,16,31.25%,4.06
mobbing in der schule rechtliche schritte,5,15,33.33%,9.33
kapo züri,5,14,35.71%,1
bussgeld,5,14,35.71%,1.79
polizei wirtschaftskriminalität,5,14,35.71%,7
polizeimitteilungen,5,13,38.46%,5
küsnacht personenunfall,5,12,41.67%,3.25
kriminalitätsrate zürich,5,10,50%,1.1
veloprüfung kanton zürich,5,10,50%,1.6
diebstahl anzeige polizei,5,8,62.5%,1.38
polizei häusliche gewalt,5,8,62.5%,2.5
kapo zh.ch,5,7,71.43%,1
trendfahrzeuge kapo zürich,5,6,83.33%,1.33
stadtpolizei uster,4,704,0.57%,6.39
lehrstellen,4,635,0.63%,22.35
flughafen zürich jobs,4,551,0.73%,11.99
kindersitze alter,4,484,0.83%,11.31
polizeiposten zürich,4,387,1.03%,6.03
jobs flughafen zürich,4,328,1.22%,12.93
kanton zürich jobs,4,306,1.31%,1.13
kriminalität,4,305,1.31%,15.97
zürich aktuell,4,300,1.33%,7.26
polizei stäfa,4,230,1.74%,4.24
news zürich,4,219,1.83%,10.84
gewalt,4,216,1.85%,7.67
news zürich heute,4,214,1.87%,10.06
polizei pfäffikon sz,4,194,2.06%,6.65
bezirk hinwil,4,185,2.16%,3.46
autounfall zürich,4,180,2.22%,6.51
bussen,4,178,2.25%,6.95
polizeinews winterthur,4,156,2.56%,8.15
flughafen zürich jobs bodenpersonal,4,143,2.8%,9.08
stadtpolizei winterthur news,4,140,2.86%,9.39
unfall hombrechtikon heute,4,138,2.9%,5.74
blitzer bussen,4,137,2.92%,7.38
unfall illnau heute,4,134,2.99%,8.33
polizeiposten winterthur,4,126,3.17%,3.15
bussen geschwindigkeit,4,122,3.28%,7.8
unfall küsnacht heute,4,122,3.28%,9.39
polizeieinsatz winterthur,4,113,3.54%,8.81
ab wann darf ein kind im auto vorne sitzen schweiz,4,109,3.67%,6.37
regionalpolizei,4,109,3.67%,7.7
polizeiliche kriminalstatistik,4,108,3.7%,11.57
kinder vorne sitzen schweiz,4,106,3.77%,7.65
verkehrsunfall,4,100,4%,9.03
geschwindigkeitsbusse,4,99,4.04%,6.77
polizei app,4,97,4.12%,7.8
unfall eglisau gestern,4,95,4.21%,4.97
cyberkriminalität schweiz,4,94,4.26%,5.66
medienmitteilungen,4,94,4.26%,8.28
bussen 30er zone,4,93,4.3%,6.38
polizei vermisst,4,92,4.35%,5.84
polizei ausbildung lohn,4,91,4.4%,4.6
unfall in brütten,4,91,4.4%,7.13
kindersitz gesetz,4,89,4.49%,20.21
polizei unterengstringen,4,84,4.76%,2.63
unfall glattfelden,4,82,4.88%,3.87
unfall thalwil,4,81,4.94%,6.81
unfall volketswil heute,4,80,5%,6.7
unfälle,4,80,5%,11.94
stromausfall buch am irchel,4,79,5.06%,7.65
grenzkontrolle,4,79,5.06%,10.82