Suchanfrage,Klicks,Impressionen,CTR,Position
statistisches amt zürich,1886,2243,84.08%,1
steuerfuss zürich,1545,8812,17.53%,2.08
abstimmungsresultate,1248,22874,5.46%,5.84
bodenpreise kanton zürich,1229,1412,87.04%,1
steuerfuss kanton zürich,944,4895,19.28%,2
statistik kanton zürich,848,962,88.15%,1
steuerfüsse kanton zürich,801,4214,19.01%,2
statistik zürich,621,972,63.89%,1.34
statistisches amt kanton zürich,554,649,85.36%,1
bodenpreise nach gemeinden effektive zahlen,497,969,51.29%,1.02
landpreise kanton zürich,480,559,85.87%,1
wahlen kanton zürich,478,1157,41.31%,1.12
baulandpreise kanton zürich,467,560,83.39%,1.02
bodenpreise kanton zürich 2017,425,640,66.41%,1
steuerfüsse kanton zürich 2018,327,558,58.6%,1.32
steuersätze kanton zürich,286,1899,15.06%,2
vornamen zürich,276,358,77.09%,1.11
einwohner kanton zürich,274,4380,6.26%,3.81
statistisches amt,228,1171,19.47%,15.51
steuerfuss zürich 2018,216,671,32.19%,1.65
konfession,213,14785,1.44%,6.66
kantonsratswahlen zürich 2015,210,405,51.85%,1.2
grundstückspreise kanton zürich,202,372,54.3%,1
kanton zürich statistik,186,215,86.51%,1
amt für statistik zürich,184,229,80.35%,1
statistik.zh.ch,177,225,78.67%,1
steuerfuss kanton zürich 2018,175,694,25.22%,1.87
abstimmungsresultate kanton zürich,174,2119,8.21%,2.16
bevölkerung kanton zürich,171,512,33.4%,1.98
kanton zürich einwohner,166,3877,4.28%,3.93
vornamen kanton zürich,160,183,87.43%,1
immobilienpreise zürich,157,711,22.08%,2.77
statistik zh,155,175,88.57%,1.01
www.statistik.zh.ch,152,213,71.36%,1
anspruch sozialhilfe berechnen,150,1545,9.71%,4.68
namensstatistik zürich,144,178,80.9%,1.02
wahlresultate zürich,131,935,14.01%,3.12
bodenpreise zürich,131,277,47.29%,2.09
kanton zürich wahlen,130,212,61.32%,1.03
statistisches amt zürich bodenpreise,129,135,95.56%,1
abstimmungsresultate zürich,127,2644,4.8%,3.1
einwohner kanton zürich 2017,126,612,20.59%,2.09
aktuelle sozialhilfe rechner,122,368,33.15%,1.11
steuerfuss gemeinden zürich,119,612,19.44%,2
gemeindesteuern kanton zürich,116,214,54.21%,1.36
statistisches jahrbuch kanton zürich,116,144,80.56%,1
vornamenstatistik zürich,111,137,81.02%,1
baulandpreise zürich,110,127,86.61%,1.03
geburtenstarke jahrgänge schweiz,108,251,43.03%,1.06
einwohner zürich,106,23224,0.46%,6.82
statistik,102,4910,2.08%,9.49
durchschnittliches vermögen 30 jährige schweiz,99,342,28.95%,1.6
zürich statistik,99,245,40.41%,1.9
zürich steuerfuss,98,614,15.96%,2.14
steuerfüsse zürich,98,565,17.35%,1.99
gemeindeporträt kanton zürich,97,103,94.17%,1
sozialhilfe rechner schweiz,94,248,37.9%,1
vornamen,92,9057,1.02%,9.15
einwohnerzahl kanton zürich,92,1162,7.92%,3.66
gemeindesteuern zürich,91,266,34.21%,1.78
statistisches amt des kantons zürich,91,115,79.13%,1.03
kantonsratswahlen 2015,90,150,60%,1.43
bip zürich,89,163,54.6%,1
durchschnittsvermögen schweiz nach alter,88,297,29.63%,3.02
abstimmung kanton zürich,87,2983,2.92%,2.79
vornamen schweiz,84,5105,1.65%,10.1
steuerfuss schweiz 2018,83,180,46.11%,1.69
ausländeranteil kanton zürich,82,318,25.79%,2.53
quadratmeterpreis zürich,81,631,12.84%,3.15
vornamen statistik,81,465,17.42%,6.02
gemeindeportrait kanton zürich,81,95,85.26%,1
abstimmungen kanton zürich,80,2458,3.25%,2.47
grundstückspreise zürich,80,210,38.1%,1.96
immobilienpreise kanton zürich,78,162,48.15%,1.05
grösste städte kanton zürich,77,710,10.85%,3.99
abstimmungstermine 2018,75,1570,4.78%,3.69
gemeindesteuer zürich,74,309,23.95%,2.33
bip kanton zürich,74,107,69.16%,1.01
grundstückspreise schweiz statistik,73,616,11.85%,4.86
sozialhilfe rechner,72,500,14.4%,8.38
steuerfüsse kanton zürich 2017,72,146,49.32%,1.21
steuerfuss,71,2191,3.24%,5.71
armutsrechner,71,292,24.32%,5.84
preisentwicklung immobilien kanton zürich,71,172,41.28%,1.53
bauland kanton zürich,69,854,8.08%,7.07
statistik bodenpreise schweiz,69,412,16.75%,2.41
amtliche wohnungsnummer,68,739,9.2%,3.17
durchschnittliches vermögen schweiz nach alter,68,104,65.38%,1.28
baukostenindex zürich,67,865,7.75%,3.72
baulandpreise,67,513,13.06%,5.1
wahlresultate kanton zürich,67,117,57.26%,1.03
steuersatz kanton zürich,66,922,7.16%,3.39
amt für statistik,66,912,7.24%,10.31
löhne kanton zürich,66,580,11.38%,3.51
wahlen zürich,65,5239,1.24%,7.79
sozialhilfe schweiz berechnung,65,750,8.67%,6.75
einwohnerzahlen kanton zürich,65,95,68.42%,1.45
zürich einwohner,64,30980,0.21%,7.43
unfallstatistik schweiz alter,63,176,35.8%,1.08
kanton zürich statistik gemeinden,63,83,75.9%,1
bevölkerungsentwicklung kanton zürich,63,74,85.14%,1.01
gemeinden kanton zürich,62,3232,1.92%,5.43
einwohner kanton zürich 2018,61,234,26.07%,2.12
bodenpreise landwirtschaft kanton zürich,61,181,33.7%,2.29
matthias mazenauer,59,216,27.31%,1.36
bodenpreise,58,490,11.84%,9.9
wahlen zh,58,149,38.93%,1.05
einwohnerzahl zürich,57,8542,0.67%,6.88
wahlergebnisse kanton zürich,57,138,41.3%,1.24
steuerfuss kanton zürich 2017,55,200,27.5%,1.79
landwert kanton zürich,55,63,87.3%,1
gemeindesteuern,52,512,10.16%,4.61
kanton zürich steuerfuss,52,312,16.67%,1.99
vermögen schweiz nach alter,51,172,29.65%,3.22
tiefster punkt kanton zürich,50,358,13.97%,2.01
bodenpreise landwirtschaftszone,50,309,16.18%,2.15
benchmarking,49,5365,0.91%,5.7
einwohner zürich kanton,49,888,5.52%,3.6
zürcher index der wohnbaupreise,49,601,8.15%,3.45
mietpreise kanton zürich,49,156,31.41%,3.13
zürcher baukostenindex,47,1012,4.64%,5.64
immobilienindex kanton zürich,47,111,42.34%,2.45
landpreis kanton zürich,47,67,70.15%,1.03
bodenpreise stadt zürich,46,312,14.74%,3.53
gefis,46,156,29.49%,6.44
wahlen und abstimmungen,45,335,13.43%,2.65
konfessionen,44,623,7.06%,6.1
babyboomer schweiz,42,587,7.16%,4.98
wahlresultate,42,221,19%,4.57
kanton zürich bevölkerung,42,220,19.09%,2.28
gemeindesteuer,41,700,5.86%,5.5
rainer gabriel,41,153,26.8%,5.96
vornamen statistik zürich,41,50,82%,1.02
baulandpreise schweiz statistik,39,270,14.44%,4.59
www.statistik.zh.ch/limmattal,39,44,88.64%,1
babyboomer jahrgänge schweiz,37,203,18.23%,2.42
baulandpreise schweiz,36,596,6.04%,7.93
steuerfüsse gemeinden kanton zürich,36,171,21.05%,1.99
steuerfuss kt zürich,35,128,27.34%,2
leerwohnungsbestand kanton zürich,35,48,72.92%,1.15
kanton zürich abstimmungen,34,790,4.3%,2.07
finanzausgleich kanton zürich,33,388,8.51%,1.43
steuersätze zürich,33,286,11.54%,2.16
wieviel erspartes mit 30 schweiz,32,538,5.95%,8.65
bodenpreise schweiz,32,501,6.39%,5.93
quadratmeterpreise zürich,32,114,28.07%,3.39
vornamen statistik schweiz,31,723,4.29%,5.67
steuerfüsse schweiz,31,567,5.47%,6.87
städte kanton zürich,31,503,6.16%,4.76
abstimmung kt zürich,31,301,10.3%,1.99
steuerkraft pro einwohner,31,99,31.31%,2.71
m2 preis bauland,30,397,7.56%,6.5
löhne zürich,30,222,13.51%,4.27
nationalratswahlen 2015 zürich,30,107,28.04%,2.03
zürich einwohner 2018,29,3993,0.73%,5.83
anzahl gemeinden kanton zürich,29,641,4.52%,4.95
leerwohnungsziffer zürich,29,110,26.36%,2.1
www.wahlen.zh.ch,29,99,29.29%,1.01
einwohner kanton zürich 2014,29,69,42.03%,2.83
thomas lo russo,29,55,52.73%,1.53
steuerfuss zürich stadt,28,596,4.7%,3.96
kanton zürich einwohner 2018,28,150,18.67%,2.23
einwohner zürich 2018,27,2123,1.27%,5.28
einwohner zürich 2017,27,952,2.84%,5.43
vornamen schweiz 2017,27,561,4.81%,7.36
grundstückspreise schweiz,27,365,7.4%,7.21
immobilienmarkt zürich,27,231,11.69%,4.24
grösste gemeinde kanton zürich,27,154,17.53%,4.02
bodenpreise winterthur,27,68,39.71%,2.03
wahlen im kanton zürich,27,60,45%,1
statistiken,26,570,4.56%,8.83
andreas amsler,26,160,16.25%,5.76
silvia würmli,26,96,27.08%,1.12
steuerkraft,26,83,31.33%,3.78
bevölkerung kanton zürich 2014,26,50,52%,2.74
ausländeranteil kanton zürich gemeinden,26,35,74.29%,1.09
wahlen kanton zürich 2018,25,1150,2.17%,5.92
abstimmungen kanton zürich 2018,25,723,3.46%,3.37
m2 preis zürich,25,135,18.52%,2.69
zürcher index der wohnbaupreise 2018,24,236,10.17%,4.28
durchschnittliches vermögen nach alter,24,203,11.82%,6.28
steuerfuss gemeinden kanton zürich,24,111,21.62%,1.99
preise landwirtschaftsland kanton zürich,24,85,28.24%,2.45
wahlen kantonsrat zürich,24,71,33.8%,1.03
steuergünstige gemeinden zürich,23,333,6.91%,3.62
medianlohn zürich,23,244,9.43%,4.26
vornamen stadt zürich,23,212,10.85%,4.51
sozialhilfe zürich berechnung,23,123,18.7%,3.63
steuerfuss 2018,23,96,23.96%,1.76
gemeindesteuerfüsse kanton zürich,23,63,36.51%,1.98
abstimmungsresultate stadt zürich,22,1551,1.42%,5.79
vornamen schweiz statistik,22,646,3.41%,5.69
landpreise schweiz,22,535,4.11%,6.02
steuergünstigste gemeinde schweiz 2018,22,332,6.63%,6.99
grundstückspreise,22,315,6.98%,6.08
wahlen neerach,22,286,7.69%,4.42
arbeitslosenquote zürich,22,208,10.58%,3.59
statistik sommer 2003,22,181,12.15%,7.76
durchschnittliches vermögen 40 jährige,22,169,13.02%,7.43
sozialhilfe berechnen,22,157,14.01%,19.22
statistik vornamen,22,106,20.75%,5.02
unfallstatistik altersgruppen,22,62,35.48%,4.35
abstimmung zürich,21,2504,0.84%,7.09
immobilienpreise schweiz statistik,21,423,4.96%,8.39
vorname statistik,21,76,27.63%,4.17
gemeindesteuerfuss zürich,21,43,48.84%,1.98
mietpreisindex,20,1559,1.28%,7.81
namensstatistik schweiz,20,765,2.61%,7.02
steuerfuss schweiz,20,727,2.75%,9.24
namen statistik,20,174,11.49%,4.49
roman page,20,91,21.98%,4.62
statistik unfallverursacher nach alter,20,71,28.17%,3.21
abstimmungen,19,720,2.64%,8.06
beliebteste vornamen schweiz 2017,19,383,4.96%,9.08
abstimmungsresultat,19,290,6.55%,5.03
lohnstudie schweiz,19,234,8.12%,6.16
gemeinde steuern,19,221,8.6%,4.09
wahlresultate bassersdorf,19,219,8.68%,4.88
wahlen abstimmungen,19,92,20.65%,2.04
behördenwahlen kanton zürich,19,66,28.79%,1.03
wahlen kt zürich,19,60,31.67%,1.03
steuerkraft kanton zürich,19,29,65.52%,1
zürich bip pro kopf,19,29,65.52%,1.14
agglomeration zürich,18,1236,1.46%,7.93
steuern kanton zürich,18,746,2.41%,6.95
vornamenstatistik,18,412,4.37%,10.14
zürcher baukostenindex 2018,18,389,4.63%,4.87
max grütter,18,122,14.75%,3.18
tiefster steuerfuss kanton zürich,18,62,29.03%,2
arbeitslosenquote kanton zürich,18,40,45%,1.02
kanton zürich in zahlen,18,31,58.06%,1.03
kanton zürich abstimmung,17,919,1.85%,2.43
abstimmungstermine 2019,17,650,2.62%,3.83
selbstmord zürich,17,191,8.9%,6.44
steuerfuss zürich 2017,17,117,14.53%,1.98
steuerfuss zh,17,102,16.67%,1.93
steuerfuss kanton,17,98,17.35%,3
zurich statistics,17,77,22.08%,3.91
organigramm,16,4896,0.33%,8.53
salarium 2018,16,2930,0.55%,7.27
fläche kanton zürich,16,1343,1.19%,3.89
bevölkerungsdichte zürich,16,391,4.09%,6.54
babynamen schweiz 2017,16,303,5.28%,7.27
resultate wahlen zürich,16,161,9.94%,4.52
landpreise,16,136,11.76%,6.17
chancen arbeitsmarkt über 50,16,72,22.22%,12.53
wahlen kanton zürich resultate,16,62,25.81%,1.1
zürich einwohnerzahl,15,2829,0.53%,7.37
zürich bevölkerung,15,1860,0.81%,7.09
abstimmung stadt zürich,15,1087,1.38%,7.33
kantonsratswahlen zürich,15,590,2.54%,2.07
quadratmeterpreis,15,581,2.58%,6.57
regionen kanton zürich,15,488,3.07%,4.24
durchschnittliches vermögen schweiz,15,327,4.59%,7.21
abstimmung resultate,15,280,5.36%,4.73
steuergünstige gemeinden kanton zürich,15,270,5.56%,3.83
interaktive karte,15,261,5.75%,7.73
kanton zürich einwohnerzahl,15,236,6.36%,3.35
arbeitslosigkeit zürich,15,159,9.43%,3.67
zürcher index der wohnbaukosten,15,147,10.2%,3.73
qm preis zürich,15,94,15.96%,3.03
entwicklung immobilienpreise stadt zürich,15,69,21.74%,2.97
durchschnittliches vermögen 25 jährige,15,58,25.86%,4.36
wahlen gemeinden zürich,15,52,28.85%,1.13
vermögen 30 jähriger,15,32,46.88%,3.47
zürich einwohner 2017,14,1167,1.2%,6.07
kanton zürich gemeinden,14,719,1.95%,6.18
durchschnittsvermögen schweiz,14,482,2.9%,8.78
statistik vornamen schweiz,14,454,3.08%,6.06
einwohnerzahl zürich 2017,14,367,3.81%,5.5
quadratmeterpreise schweiz,14,333,4.2%,9.81
namensstatistik,14,268,5.22%,7.34
amtliche wohnungsnummer zürich,14,177,7.91%,3.57
modal split zürich,14,150,9.33%,5.79
berechnung sozialhilfe,14,123,11.38%,5.64
preisentwicklung immobilien zürich,14,110,12.73%,4.66
durchschnittliches vermögen 30 jährige,14,99,14.14%,7.4
bevölkerungsdichte kanton zürich,14,96,14.58%,2.83
landpreise zürich,14,24,58.33%,1.67
einwohnerzahl zürich 2018,13,1151,1.13%,5.81
bevölkerung zürich,13,834,1.56%,6.32
wahlergebnisse zürich,13,434,3%,3.83
lohntabelle kanton zürich,13,287,4.53%,6.21
airbnb zürich erlaubt,13,237,5.49%,5.29
namenshitliste 2018,13,231,5.63%,8.28
bevölkerungsentwicklung zürich,13,228,5.7%,5.89
steuerfuss gemeinden,13,208,6.25%,3.43
bauland preis m2,13,204,6.37%,5.51
abstimmungs resultate,13,199,6.53%,5.3
lohnstatistik,13,193,6.74%,4.78
steuerfüsse,13,166,7.83%,2.29
andrea schnell,13,142,9.15%,6.96
statistik vermögensverteilung schweiz,13,127,10.24%,8.05
bauland preise,13,114,11.4%,5.73
wohnbauland,13,61,21.31%,4.48
lohnbuch zürich,13,37,35.14%,2.14
mietpreisindex kanton zürich,13,18,72.22%,1
kanton zürich fläche,12,1373,0.87%,4.26
abstimmungen zürich,12,895,1.34%,5.99
namen statistik schweiz,12,448,2.68%,5.9
mietspiegel zürich,12,245,4.9%,7.49
vermögen nach alter,12,91,13.19%,5.43
lohnstudie,12,77,15.58%,3.31
steuern gemeinden zürich,12,60,20%,2.02
wahlresultate gemeinden kanton zürich,12,40,30%,1
kanton zürich einwohner 2017,12,33,36.36%,2.15
immobilienpreise,11,636,1.73%,19.03
durchschnittseinkommen zürich,11,321,3.43%,7.38
gemeindewahlen 2018 kanton zürich,11,243,4.53%,4.6
vornamen 2017 schweiz,11,227,4.85%,7.37
leerstandsquote,11,197,5.58%,6.19
wahlen zürich resultate,11,117,9.4%,4.03
vermögen mit 30,11,75,14.67%,6.95
statistik autounfälle alter,11,23,47.83%,6.57
www.statistik.zh.ch/fage,11,12,91.67%,1
zürich einwohnerzahl 2018,10,1839,0.54%,5.84
durchschnittslohn zürich,10,434,2.3%,7.7
abstimmungen 2018 kanton zürich,10,409,2.44%,3.31
leerwohnungsbestand,10,316,3.16%,5.85
geburtenstarke jahrgänge,10,288,3.47%,10.25
vornamen hitliste schweiz,10,285,3.51%,7.33
städte im kanton zürich,10,277,3.61%,4.71
egid nummer finden,10,255,3.92%,7.39
zürcher wohnbaukostenindex,10,213,4.69%,4.41
armutsgrenze schweiz 2017,10,203,4.93%,8.16
lohnvergleich zürich,10,164,6.1%,5.43
einkommen zürich,10,125,8%,5.76
simon keller zürich,10,110,9.09%,4.97
zürcher baukostenindex rechner,10,109,9.17%,3.64
schulden stadt zürich,10,96,10.42%,9.11
gemeindewahlen kanton zürich,10,92,10.87%,2.72
resultate abstimmung kanton zürich,10,91,10.99%,1.86
zürcher index der wohnbaukosten 2018,10,88,11.36%,4
pendler zürich,10,62,16.13%,2.44
steuersatz gemeinden zürich,10,42,23.81%,2
preis landwirtschaftsland kanton zürich,10,26,38.46%,2.96
einwohnerzahl kanton zürich 2014,10,18,55.56%,2.56
zürich kanton,9,3300,0.27%,6.72
wie viele einwohner hat zürich,9,3282,0.27%,7.33
bauland zürich,9,548,1.64%,9.17
wahlresultate winterthur,9,512,1.76%,5.66
kantonale abstimmung zürich,9,493,1.83%,2.16
zürich kanton einwohner,9,449,2%,4.51
statistik stadt zürich,9,441,2.04%,9.21
religionen schweiz 2017,9,332,2.71%,6.72
medianlohn,9,331,2.72%,10.22
vornamen statistik schweiz tool,9,301,2.99%,6.84
sozialhilfe berechnung,9,215,4.19%,30.53
gemeinderatswahlen bassersdorf,9,175,5.14%,8.26
namenshitliste 2017,9,169,5.33%,6.34
einwohnerzahl zürich kanton,9,119,7.56%,4.18
existenzminimum kanton zürich,9,118,7.63%,6.11
abstimmung zürich resultate,9,98,9.18%,2.26
steuerfuss gemeinde zürich,9,69,13.04%,2.51
landwirtschaftsland preise 2016,9,60,15%,7.4
steuersätze gemeinden kanton zürich,9,51,17.65%,2
open data kanton zürich,9,51,17.65%,2.16
zürich in zahlen,9,33,27.27%,1.39
www.statistik.zh.ch/praktika,9,9,100%,1
kanton zürich,8,1622,0.49%,2.52
awn,8,933,0.86%,8.17
steuersatz zürich,8,404,1.98%,5.95
vornamenstatistik schweiz,8,344,2.33%,6.08
finanzausgleich,8,234,3.42%,5.65
steuer kanton zürich,8,178,4.49%,6.37
vornamen 2017,8,171,4.68%,8.37
zürich wahlen 2018 resultate,8,168,4.76%,3.51
abstimmungen zh,8,166,4.82%,1.58
zürich bevölkerungsentwicklung,8,152,5.26%,6.68
registerharmonisierung,8,134,5.97%,5.31
resultate abstimmung zürich,8,125,6.4%,1.54
abstimmungen 2019,8,119,6.72%,3.56
babynamen 2018 schweiz,8,99,8.08%,8.42
mittleres kader lohn,8,97,8.25%,6.28
lohnrechner kanton zürich,8,96,8.33%,5.38
zürich quadratmeterpreis,8,95,8.42%,4.08
abstimmungsresultate kanton zürich heute,8,94,8.51%,2
abstimmungsresultate heute kanton zürich,8,90,8.89%,1.9
steuerdaten,8,86,9.3%,6.94
durchschnittsmiete zürich,8,80,10%,6.99
namensstatistik 2017,8,66,12.12%,3.89
abstimmungsresultate kt. zürich,8,62,12.9%,2
gemeindefinanzen kanton zürich,8,49,16.33%,2.08
anzahl einwohner kanton zürich,8,47,17.02%,2.85
unfallstatistik usa 16 jährige,8,35,22.86%,2.43
vermögen mit 25,8,26,30.77%,5.65
sozialhilfe rechner 2018,8,21,38.1%,4.48
zürich einwohnerzahl 2017,7,1602,0.44%,6.12
beliebteste vornamen schweiz,7,1133,0.62%,9.41
häufigste vornamen schweiz,7,578,1.21%,8.61
gemeinde kanton zürich,7,545,1.28%,6.22
wahlen,7,396,1.77%,6.79
stadt zürich abstimmungsresultate,7,346,2.02%,5.73
abstimmungsergebnisse kanton zürich,7,335,2.09%,2.34
sozialhilfestatistik 2017,7,230,3.04%,5.65
statistisches jahrbuch,7,208,3.37%,10.68
einkommen schweiz statistik,7,205,3.41%,8.69
steuertabelle kanton zürich,7,170,4.12%,4.29
beliebteste vornamen schweiz 2018,7,170,4.12%,8.91
steuergünstigste gemeinde zürich,7,158,4.43%,4.02
namensregister schweiz,7,155,4.52%,5.1
höchster steuerfuss schweiz,7,146,4.79%,7.9
jungennamen schweiz,7,134,5.22%,15.39
lohn statistik schweiz,7,131,5.34%,6.92
gemeinderatswahlen kanton zürich,7,130,5.38%,3.34
gemeinderatswahlen zürich 2018 resultate,7,118,5.93%,6.86
interaktive karten,7,116,6.03%,8.28
einkommensverteilung schweiz,7,115,6.09%,14.48
leben ohne auto,7,103,6.8%,16.26
gemeindesteuerfuss,7,96,7.29%,2.5
abstimmungstermine 2018 kanton zürich,7,90,7.78%,2.18
wohnungsnummerierung,7,88,7.95%,3.77
amtliche wohnungsnummer herausfinden,7,80,8.75%,3.02
bauland preis,7,77,9.09%,6.53
wohnungsleerstand,7,71,9.86%,5.23
www.abstimmungen.zh.ch,7,70,10%,1.07
steuerfuss obfelden 2018,7,56,12.5%,2.5
wahlen und abstimmungen kanton zürich,7,54,12.96%,1.17
steuern gemeinden kanton zürich,7,51,13.73%,2
preise bauland schweiz,7,50,14%,8.6
statistik namen,7,48,14.58%,5.79
grundstückpreise,7,47,14.89%,5.09
landwert,7,41,17.07%,7.46
durchschnittliches vermögen,7,40,17.5%,21.23
stefan langenauer,7,34,20.59%,1.24
landpreis pro m2,7,34,20.59%,3.59
amt statistik,7,31,22.58%,20.94
abstimmungstermine 2019 kanton zürich,7,27,25.93%,2
wahlen abstimmungen zürich,7,22,31.82%,1.68
kanton zürich einwohner 2014,7,11,63.64%,2.36
bevölkerungswachstum kanton zürich,7,7,100%,1
preise für wohnbauland zürich,7,7,100%,1
daten,6,1804,0.33%,8.76
konfessionen schweiz,6,985,0.61%,8.97
dienstleistungssektor,6,545,1.1%,10.66
abstimmungstermine,6,368,1.63%,4.83
steuerfuss kantone,6,263,2.28%,9.12
lohnverteilung schweiz,6,262,2.29%,7.62
kantonale abstimmungen zürich,6,257,2.33%,2.4
vornamen liste,6,228,2.63%,9.2
statistisches amt stadt zürich,6,216,2.78%,6.4
lohnentwicklung schweiz seit 1970,6,171,3.51%,7.69
wie viele einwohner hat der kanton zürich,6,166,3.61%,4.47
verkehrsaufkommen zürich,6,165,3.64%,10.44
verkehrsunfälle schweiz statistik,6,156,3.85%,6.56
egid nummer suchen,6,153,3.92%,7.18
einkommensverteilung schweiz 2017,6,149,4.03%,9.26
bodenpreis landwirtschaftsland,6,138,4.35%,6.41
landpreis,6,124,4.84%,4.26
vermögen schweizer haushalte,6,124,4.84%,9.51
steuerfuss zurich,6,122,4.92%,3.88
kanton zürich abstimmungsresultate,6,117,5.13%,2.01
lohnstatistik 2017,6,112,5.36%,6.2
median vermögen schweiz,6,111,5.41%,8.23
egid nummer herausfinden,6,105,5.71%,5.61
baukostenindex zürich 2018,6,100,6%,4.49
stephan ziegler,6,99,6.06%,10.17
armutsgrenze,6,92,6.52%,17.29
einwohner kt zürich,6,81,7.41%,2.73
suizide,6,77,7.79%,7.47
wohnungspreise zürich,6,75,8%,9.11
bauland quadratmeterpreis,6,73,8.22%,4.53
namensliste 2017,6,67,8.96%,10.42
preis landwirtschaftsland,6,66,9.09%,8.88
bevölkerungsprognose,6,64,9.38%,5.11
baukostenindex kanton zürich,6,58,10.34%,2.81
zürcher wohnbaukostenindex 2018,6,57,10.53%,4.04
namenshitliste 2017 schweiz,6,56,10.71%,5.91
zürcher wohnbauindex 2018,6,55,10.91%,3.31
zürich immobilienpreise,6,52,11.54%,4.48
wie viel vermögen mit 30,6,50,12%,11.9
arbeitspendler,6,48,12.5%,2.62
geburtenschwache jahrgänge,6,48,12.5%,5.25
wertschöpfung bip,6,40,15%,6.12
ersparnisse mit 30,6,36,16.67%,11.31
konfession steuererklärung,6,35,17.14%,3.29
vornamen hitliste 2017,6,34,17.65%,9.44
unfallstatistik nach alter,6,33,18.18%,5.52
durchschnittsvermögen nach alter,6,31,19.35%,12
steuern kanton zürich gemeinden,6,29,20.69%,2.07
joaquin ferrer,6,23,26.09%,29.26
vermögen mit 40,6,22,27.27%,7.09
immobilienpreisentwicklung zürich,6,21,28.57%,1.81
grundstückspreise stadt zürich,6,21,28.57%,2
industrieland preise,6,19,31.58%,2.26
kommunalwahlen kanton zürich,6,15,40%,1.13
einwohner gemeinden kanton zürich,6,13,46.15%,1.31
bevölkerungsstatistik kanton zürich,6,7,85.71%,1
bevölkerungszahl kanton zürich 2014,6,6,100%,1.33
unfallstatistik schweiz,5,1123,0.45%,7.78
einwohner stadt zürich 2018,5,1119,0.45%,8.98
airbnb zürich,5,787,0.64%,17.03
wieviel einwohner hat zürich,5,729,0.69%,7.08
bundesamt für statistik vornamen,5,689,0.73%,8.01
gemeinden kanton zürich karte,5,396,1.26%,4.99
adliswil wahlresultate,5,329,1.52%,8.53
gemeindefinanzen,5,324,1.54%,30.68
autounfälle schweiz,5,321,1.56%,8.25
konfesion,5,301,1.66%,5.87
bevölkerungsstatistik,5,244,2.05%,17.23
suizid,5,233,2.15%,12.43
wahlergebnisse stadt zürich,5,226,2.21%,5.58
häufigkeit vornamen schweiz,5,213,2.35%,7.6
kaderstufen definition,5,211,2.37%,7.88
arbeitslose,5,208,2.4%,7.02
abstimmung kanton zürich 2018,5,205,2.44%,2.66
peter moser,5,205,2.44%,24.71
airbnb statistik,5,200,2.5%,8.13
kanton zürich städte,5,178,2.81%,4.95
preise bauland,5,174,2.87%,22.41
konfessionen schweiz karte,5,170,2.94%,7.32
prämienverbilligung stadt zürich,5,170,2.94%,9.49
bauland,5,167,2.99%,9.09
babyboom schweiz,5,162,3.09%,8.11
namensliste schweiz,5,145,3.45%,9.59
abstimmungsdaten 2019,5,141,3.55%,3.38
finanzausgleich zürich,5,129,3.88%,1.22
medianvermögen schweiz,5,129,3.88%,9.41
wichtigste städte kanton zürich,5,121,4.13%,4.89
leerwohnungsziffer gemeinden,5,118,4.24%,7.06
dietikon ausländeranteil,5,107,4.67%,7.36
vornamen 2018 schweiz,5,106,4.72%,6.87
bauland stadt zürich,5,105,4.76%,7.74
statistisches,5,82,6.1%,20.3
immobilienpreisentwicklung,5,73,6.85%,16.15
anspruch auf sozialhilfe berechnen,5,67,7.46%,20.04
unfallstatistik alter,5,65,7.69%,11.75
zürcher wahlen resultate,5,62,8.06%,4.52
steuersatz zürich 2018,5,55,9.09%,2.33
immobilienpreise statistik,5,48,10.42%,17.15
mietzinsentwicklung,5,47,10.64%,12.28
zweckverband definition,5,46,10.87%,6.57
steuerfuss zollikerberg,5,42,11.9%,2.19
agglomeration zürich gemeinden,5,42,11.9%,5.74
karin brändle,5,34,14.71%,4.41
bauland kosten,5,34,14.71%,6.12
vermögen im alter,5,32,15.62%,6.78
einkommen nach alter,5,28,17.86%,16.14
vermögen mit 35,5,24,20.83%,3.33
m2 preise,5,18,27.78%,3.56
durchschnittliches vermögen mit 30,5,13,38.46%,3
steuerfüsse zürich 2018,5,11,45.45%,1.91
rechner sozialhilfe,5,10,50%,3.6
kantonale wahlen zürich,5,6,83.33%,1
www.statistik.zh.ch/anex,5,5,100%,1
airbnb zurich,4,2522,0.16%,10.79
wie viel einwohner hat zürich,4,1360,0.29%,7.59
einwohner stadt zürich 2017,4,1330,0.3%,7.75
bip,4,1044,0.38%,18.2
salarium 2017,4,900,0.44%,7.59
gemeinden zürich,4,490,0.82%,6.12
sterbetafel schweiz,4,353,1.13%,7.53
egid,4,337,1.19%,7.19
häufigster vorname schweiz,4,304,1.32%,8.11
strukturerhebung,4,301,1.33%,5.73
immobilienmarkt,4,295,1.36%,28.06
ewid,4,288,1.39%,9.59
wahlen adliswil ergebnisse,4,214,1.87%,6.54
salarium lohnrechner 2018,4,207,1.93%,8.47
statistik namen schweiz,4,204,1.96%,5.74
wie viele gemeinden hat der kanton zürich,4,193,2.07%,5.86
stadt zürich bevölkerung,4,193,2.07%,8.39
durchschnittslohn zürich 2017,4,188,2.13%,7.34
open government data,4,182,2.2%,10.53
egid nummer,4,172,2.33%,6.66
kanton zürich grösse,4,170,2.35%,4.36
vorname schweiz,4,157,2.55%,9.03
steuerfuss stadt zürich 2018,4,156,2.56%,4.75
steuerbares vermögen zürich,4,134,2.99%,5.36
einkommensstatistik schweiz,4,134,2.99%,7.29
bevölkerungsentwicklung,4,130,3.08%,7.88
vornamen schweiz 2018,4,120,3.33%,6.92
localisator,4,112,3.57%,8.36
statistische daten,4,112,3.57%,16.85
zweckverband schweiz,4,111,3.6%,4.29
mietpreise zürich,4,106,3.77%,11.38
preis pro m2 wohnfläche,4,95,4.21%,8.92
abstimmungsresultate bassersdorf,4,90,4.44%,4.01
michel binder,4,88,4.55%,12.18
neerach wahlen,4,82,4.88%,5.57
einkommensverteilung,4,81,4.94%,17.79
zweckverbände,4,80,5%,5.95
baby boom generation,4,78,5.13%,17.64
egid zürich,4,77,5.19%,4.88
bodenpreis,4,75,5.33%,5.49
karte gemeinden kanton zürich,4,71,5.63%,5.38
kanton zürich steuern,4,68,5.88%,4.79
landwirtschaftsland preise 2018,4,68,5.88%,9.18
leerstand wohnungen,4,64,6.25%,8.25
bauland kanton zürich kaufen,4,62,6.45%,8.89
anzahl personen pro wohnung,4,61,6.56%,9.25
pendlerstatistik,4,55,7.27%,6.25
tiefster punkt zürich,4,53,7.55%,2.87
abstimmungsresultate gemeinden,4,51,7.84%,5.75
steuergünstigste gemeinde schweiz 2016,4,50,8%,10.4
wahlen stadt zürich resultate,4,49,8.16%,7.8
abstimmung kanton zürich resultate,4,46,8.7%,2.02
statistische amt,4,43,9.3%,4.28
steuersätze,4,42,9.52%,5.36
kantonale abstimmungen,4,40,10%,3.12
durchschnittliche wohnfläche einfamilienhaus schweiz,4,39,10.26%,9.54
mindestlohn kanton zürich,4,36,11.11%,3.08
armutsgrenze rechner,4,33,12.12%,5.85
landwirtschaftszone preis,4,33,12.12%,9.24
stat amt,4,32,12.5%,6.62
geburtenstarke jahrgänge statistik,4,31,12.9%,5.81
durchschnittslohn nach alter,4,29,13.79%,2.62
statistik daten,4,28,14.29%,4.82
einkommensstatistik,4,25,16%,5.28
durchschnittseinkommen rentner schweiz,4,25,16%,23.92
steuerertrag,4,24,16.67%,6.38
unfälle pro gefahrene kilometer,4,22,18.18%,8.27
durchschnittliches steuerbares einkommen schweiz,4,18,22.22%,2.78
gemeindesteuer kanton zürich,4,15,26.67%,2.07
statistik gemeinden,4,14,28.57%,5.86
grundstückspreis berechnen,4,13,30.77%,10.46
sozialamt rechner,4,11,36.36%,4.55
steuererklärung religion,4,9,44.44%,9
gemeindestatistik,4,6,66.67%,2.5
statistik vornamen zürich,4,4,100%,1
zürich wahlen,3,824,0.36%,7.45
treibstoffverbrauch,3,503,0.6%,7.45
alterspyramide,3,489,0.61%,13.25
bevölkerung stadt zürich,3,402,0.75%,7.6
knabennamen,3,384,0.78%,26.01
prämienverbilligung kanton zürich,3,376,0.8%,7.18
open data,3,363,0.83%,8.89
durchschnittslohn schweiz,3,360,0.83%,30.98
thomas hofer,3,284,1.06%,11.64
sozialhilfe zürich,3,283,1.06%,8.54
kaufkraft,3,277,1.08%,9.83
statistisches amt schweiz,3,246,1.22%,5.08
wahlresultate stadt zürich,3,243,1.23%,6.3
amt für statistik schweiz,3,240,1.25%,4.87
abstimmungsergebnisse stadt zürich,3,229,1.31%,5.85
zürich bevölkerungsdichte,3,217,1.38%,8.06
ausländeranteil winterthur,3,190,1.58%,7.39
zufriedenheitsbefragung,3,172,1.74%,50.24
www.statistik.ch,3,161,1.86%,4.59
zürich agglomeration,3,151,1.99%,7.72
abstimmung zh,3,146,2.05%,1.35
ausländeranteil dietikon,3,140,2.14%,6.97
salarium individueller lohnrechner 2017,3,140,2.14%,7.3
namen rangliste schweiz,3,131,2.29%,8.24
lohnliste kanton zürich,3,130,2.31%,5.58
konfessionsverteilung schweiz,3,126,2.38%,7.26
wahlresultate uster,3,126,2.38%,8.21
lohn kanton zürich,3,118,2.54%,6.27
craviolini,3,116,2.59%,8.11
namenshäufigkeit schweiz,3,116,2.59%,8.65
agglomeration zürich karte,3,115,2.61%,8.9
sozialhilferechner,3,115,2.61%,10.57
mädchennamen schweiz 2017,3,108,2.78%,7.72
selbstmordrate,3,107,2.8%,6.2
quadratmeterpreise,3,106,2.83%,8.21
koordinationsstelle,3,105,2.86%,5.72
vornamen verzeichnis,3,105,2.86%,13.59
zürich religion,3,104,2.88%,6.32
preise in zürich 2017,3,104,2.88%,7.15
abstimmungen resultate,3,98,3.06%,5.88
uid nummer beantragen,3,98,3.06%,25.27
gemeindekarte kanton zürich,3,97,3.09%,3.93
vornamen in der schweiz,3,95,3.16%,9.01
babyboom 2017,3,95,3.16%,90.07
resultate gemeinderatswahlen zürich,3,94,3.19%,7.07
wahlergebnis zürich,3,93,3.23%,3.3
abstimmungsergebnisse zürich,3,89,3.37%,2.78
vermögensstatistik schweiz,3,88,3.41%,7.57
kartentool,3,87,3.45%,4.4
abstimmung stadt zürich resultate,3,79,3.8%,5.03
abstimmungsresultat stadt zürich,3,78,3.85%,6.19
anerkannte religionen schweiz,3,74,4.05%,7.28
stadt kanton zürich,3,73,4.11%,6.66
kanton zürich wahlen 2018,3,73,4.11%,7.08
mikrodaten,3,73,4.11%,15.74
niedrigster steuerfuss schweiz,3,72,4.17%,7.35
institutionen für menschen mit behinderung,3,67,4.48%,12.18
sozialhilfe statistik,3,66,4.55%,6.7
zürcher index der wohnbaukosten 2017,3,65,4.62%,4.78
kanton zürich anzahl gemeinden,3,60,5%,4.75
armutsgrenze berechnen,3,58,5.17%,12.29
abstimmung 2019,3,57,5.26%,4.67
stefan ziegler,3,57,5.26%,18.68
unfallverursacher nach alter,3,55,5.45%,5.8
preisentwicklung immobilien,3,54,5.56%,11.59
bauland schweiz preise,3,53,5.66%,7.92
temperaturen schweiz statistik,3,53,5.66%,13.81
wahlresultate eglisau,3,50,6%,6.68
quadratmeterpreis berechnen,3,49,6.12%,7.65
existenzminimum rechner,3,49,6.12%,11.65
preis pro quadratmeter wohnfläche,3,48,6.25%,6.79
boden preise,3,47,6.38%,3.77
lohnbuch 2017,3,44,6.82%,2.05
arbeitslose über 50 statistik,3,44,6.82%,6.59
gemeindesteuerfüsse aargau 2018,3,43,6.98%,9.98
schneefall statistik zürich,3,42,7.14%,5.62
kommunale abstimmungen,3,37,8.11%,2.84
namensstatistik schweiz 2017,3,36,8.33%,5.61
kanton zürich steuersatz,3,34,8.82%,3.09
vornamen ranking,3,34,8.82%,15.74
winterthur statistik,3,33,9.09%,3.06
lohn statistik,3,33,9.09%,4.91
namensstatistik 2018,3,32,9.38%,5.44
vermögen alter,3,32,9.38%,5.44
bip wertschöpfung,3,31,9.68%,3.68
m2 preis eigentumswohnung,3,30,10%,7.57
kosten bauland,3,29,10.34%,4.17
lohn nach alter,3,29,10.34%,4.24
vornamen junge schweiz,3,29,10.34%,10.45
daniel cahn,3,29,10.34%,16.03
gemeinderatswahlen neerach,3,26,11.54%,3.81
unfallhäufigkeit nach altersgruppen,3,26,11.54%,5.81
wohnung preis pro m2,3,22,13.64%,7.23
preis bauland schweiz,3,22,13.64%,7.86
namen rangliste 2018,3,21,14.29%,8.81
ergänzende sozialhilfe rechner,3,21,14.29%,27.24
durchschnittseinkommen nach alter,3,20,15%,10.7
land preise,3,18,16.67%,2.94
religionen der welt statistik 2017,3,18,16.67%,16.44
kantonsrat zürich wahlen,3,17,17.65%,1.18
raumordnungskonzept kanton zürich,3,17,17.65%,2.29
zürcher baukostenindex berechnung,3,17,17.65%,3.71
namen jungen top 100,3,17,17.65%,36.47
kanton zürich einwohnerzahl 2018,3,16,18.75%,2.25
statisches amt,3,16,18.75%,3.31
steuererklärung konfession,3,14,21.43%,2.07
gemeindesteuersätze kanton zürich,3,13,23.08%,2
bodenpreisindex,3,13,23.08%,8.69
pensionskasse durchschnittliches guthaben,3,13,23.08%,36.85
creative economy report 2018,3,12,25%,10.17
einwohnerstatistik,3,11,27.27%,2.64
parlamentswahlen zürich,3,10,30%,2.7
verkehrsstatistik,3,9,33.33%,2.22
berechnung armutsgrenze,3,9,33.33%,3
vornamensstatistik,3,7,42.86%,5.43
statistik unfälle alter,3,7,42.86%,6.57
grundstückspreise berechnen,3,5,60%,3
bevölkerung kanton zürich 2017,3,4,75%,1.25
vornamen statistik kanton zürich,3,3,100%,1
uid,2,10416,0.02%,9.39
bevölkerung,2,2286,0.09%,8.78
verkehr zürich,2,1569,0.13%,10.24
einwohner stadt zürich,2,1535,0.13%,9.27
statistique,2,1281,0.16%,11.39
flat tax,2,971,0.21%,23.15
fläche zürich,2,939,0.21%,8.29
einkommen,2,743,0.27%,9.37
awn zürich,2,452,0.44%,9.92
durchschnittsalter schweiz,2,436,0.46%,11.17
todesfälle kanton zürich,2,391,0.51%,7.1
bfs vornamen,2,365,0.55%,6.57
zürich gemeinden,2,350,0.57%,6.09
kanton zh,2,287,0.7%,1.84
meta daten,2,275,0.73%,8.79
sommerbäder zürich,2,263,0.76%,6.6
zürich abstimmungen,2,235,0.85%,5.56
mazenauer,2,234,0.85%,8.65
sostat,2,229,0.87%,6.38
anzahl einwohner zürich,2,224,0.89%,6.59
bundesamt für statistik namen,2,221,0.9%,7.72
tourismus zürich,2,214,0.93%,19.89
abstimmungen und wahlen,2,212,0.94%,5.78
thomas knecht,2,201,1%,12.61
gesetze kanton zürich,2,185,1.08%,6.46
abstimmung 2018 kanton zürich,2,183,1.09%,2.04
medianlohn definition,2,177,1.13%,6.1
öffentlicher verkehr zürich,2,176,1.14%,8.35
office cantonal de la statistique,2,174,1.15%,5.59
lebenserwartung schweiz berechnen,2,172,1.16%,7.67
heiratsalter schweiz,2,167,1.2%,8.92
08:08 bedeutung,2,163,1.23%,9.75
wohnungsausweis zürich,2,159,1.26%,9.66
vornamen bundesamt für statistik,2,157,1.27%,6.96
babynamen schweiz,2,157,1.27%,12.92
wie viele einwohner hat kanton zürich,2,144,1.39%,4.53
lohnentwicklung schweiz,2,144,1.39%,9.9
sozialhilfestatistik,2,142,1.41%,6.24
konfession reformiert,2,140,1.43%,7.3
bundesamt für statistik lohn,2,138,1.45%,8.96
airbnb kloten,2,134,1.49%,6.72
leerwohnungsziffer,2,127,1.57%,6.61
einwohnerdichte zürich,2,125,1.6%,7.13
befragungen,2,125,1.6%,8.95
schweizer vornamen,2,119,1.68%,29.2
hitliste vornamen,2,118,1.69%,14.44
statistik verkehrsunfälle schweiz,2,115,1.74%,6.63
open data zürich,2,112,1.79%,6.35
wohnungssuche zürich,2,112,1.79%,49.93
grösste städte zürich,2,109,1.83%,6.12
abstimmung zürich ergebnisse,2,104,1.92%,3.06
vornamen 2018,2,104,1.92%,23.34
statistiques,2,103,1.94%,6.58
bevölkerungsentwicklung stadt zürich,2,102,1.96%,9.3
namenshäufigkeit,2,102,1.96%,51.45
häufigkeit namen schweiz,2,101,1.98%,7.03
baby boomer generation,2,99,2.02%,8.41
vornamen bfs,2,97,2.06%,6.34
babyboom generation,2,96,2.08%,6.56
babyboomer jahrgänge,2,95,2.11%,4.69
vornamen häufigkeit schweiz,2,95,2.11%,6.64
leerstand,2,90,2.22%,5.92
beliebteste vornamen 2017,2,89,2.25%,12.03
steuerfuss obfelden,2,88,2.27%,6
baulandpreis,2,88,2.27%,14.25
namen schweiz 2017,2,87,2.3%,7.79
hallenbäder kanton zürich,2,85,2.35%,9.19
zürich abstimmungsresultate stadt,2,81,2.47%,5.77
statistik amt,2,81,2.47%,15.05
sozialgeld rechner,2,80,2.5%,35.12
personen pro quadratmeter schweiz,2,77,2.6%,6.25
wahlresultate bülach,2,76,2.63%,9.37
top 10 namen schweiz,2,76,2.63%,9.39
entwicklung grundstückspreise,2,76,2.63%,65.55
wahlergebnisse kloten,2,75,2.67%,6.09
statistik.ch,2,75,2.67%,7.23
abstimmungen stadt zürich 2018,2,74,2.7%,7.8
steuergünstigste gemeinde schweiz 2017,2,71,2.82%,9.48
wahlresultate bonstetten,2,69,2.9%,7.39
ewid finden,2,69,2.9%,8.74
verschuldung,2,68,2.94%,9.25
vornamen rangliste,2,67,2.99%,10.87
gemeinden des kantons zürich,2,65,3.08%,6.32
gemeindesteuer schweiz,2,64,3.12%,6.45
löhne schweiz berufe,2,64,3.12%,37.42
wie viele gemeinden hat zürich,2,62,3.23%,5.81
bauland uster,2,62,3.23%,8.32
seltene schweizer vornamen,2,60,3.33%,12.58
leerstandsquoten,2,60,3.33%,27
namenstatistik,2,59,3.39%,6.42
thomas leuenberger,2,59,3.39%,9.17
geburten stadt zürich,2,57,3.51%,8
vermögen durchschnitt schweiz,2,56,3.57%,7.75
mietpreise zürich durchschnitt,2,56,3.57%,8.11
liste vornamen,2,56,3.57%,11.23
beliebte vornamen 2017,2,54,3.7%,8.11
mädchennamen 2017,2,54,3.7%,52.72
leerwohnungsziffer 2018,2,53,3.77%,5.91
haushaltseinkommen,2,53,3.77%,8.4
beliebteste mädchennamen schweiz,2,52,3.85%,8.4
quartalsdaten,2,51,3.92%,4.43
quadratmeterpreis bauland,2,51,3.92%,5.94
pendlerströme,2,49,4.08%,5.49
wabsti,2,48,4.17%,2.33
zürich wahlresultate,2,48,4.17%,4.71
statistik immobilienpreise,2,47,4.26%,13.98
abstimmung jagd zürich,2,46,4.35%,7.85
stadt zürich vornamen,2,45,4.44%,4.09
gymigraben,2,45,4.44%,5.22
männliche vornamen,2,45,4.44%,24.31
vornamen junge,2,45,4.44%,28.96
ressourcenplanungstool,2,44,4.55%,8.3
beliebte vornamen 2018,2,44,4.55%,17.8
kantonale abstimmungen 2018 zürich,2,43,4.65%,1.12
einkommen statistik,2,43,4.65%,43.86
mietpreis pro m2 zürich,2,42,4.76%,6.79
haushaltseinkommen schweiz,2,42,4.76%,15.55
obfelden steuerfuss,2,40,5%,5.78
wie viele einwohner hat zürich 2017,2,40,5%,5.83
preis bauland,2,40,5%,6.55
grösste gemeinden kanton zürich,2,38,5.26%,5.05
creative economies,2,38,5.26%,5.84
individueller lohnrechner 2018,2,38,5.26%,6.32
pillenknick schweiz,2,37,5.41%,5.05
svp wähler,2,37,5.41%,6.03
babynamen statistik,2,35,5.71%,4.86
statistisches jahrbuch 2018,2,35,5.71%,10.8
zürich ausländeranteil,2,34,5.88%,6.53
anzahl mitarbeiter stadt zürich,2,34,5.88%,7.12
steuertabelle zürich,2,33,6.06%,2.79
reiche rentner,2,33,6.06%,12.36
der kanton zürich,2,32,6.25%,5.22
christoph bürgi,2,32,6.25%,11.81
durchschnittslohn schweiz nach alter,2,31,6.45%,3.74
bevölkerungsprognosen,2,31,6.45%,6.97
freibad seebach,2,31,6.45%,46.1
zurich elections,2,30,6.67%,5.6
einkommensentwicklung schweiz,2,30,6.67%,7.33
qm preis,2,30,6.67%,8.17
resultate gemeinderatswahlen zürich 2018,2,29,6.9%,8.41
statistia,2,28,7.14%,5.11
auto unfallstatistik,2,28,7.14%,7.11
arbeitsmarktchancen,2,28,7.14%,10.39
bevölkerungsdynamik,2,27,7.41%,6.33
abstimmung kt zh,2,25,8%,1.16
spitex kanton zürich,2,25,8%,3.88
genossenschaftlich wohnen,2,24,8.33%,7.83
konfession muslim,2,24,8.33%,10.33
preise immobilien,2,24,8.33%,10.33
einkommen im alter,2,24,8.33%,17.54
vornamen statistik 2017,2,23,8.7%,2.57
vornamenstatistik 2017,2,23,8.7%,4.87
bodenpreise landwirtschaft schweiz,2,21,9.52%,10.62
leerstandquote,2,19,10.53%,5.53
bevölkerungsstruktur,2,19,10.53%,6.21
beliebteste namen 2017,2,19,10.53%,8.95
namen junge schweiz,2,19,10.53%,10.74
umfrage zufriedenheit,2,18,11.11%,8.17
namens hitliste 2018,2,17,11.76%,9.65
statistikamt,2,17,11.76%,12
stimmbeteiligung stadt zürich,2,16,12.5%,5.25
wasserverbrauch zürich,2,16,12.5%,5.62
steuerfüsse gemeinden zürich,2,14,14.29%,1.93
rangliste vornamen 2018,2,14,14.29%,7.07
eigentumswohnung preisentwicklung,2,14,14.29%,8.07
jeschiwe ketane,2,14,14.29%,12.64
ein leben ohne auto pro und contra,2,14,14.29%,17.79
immobilienpreis pro m2,2,13,15.38%,5.62
fdp wähler,2,13,15.38%,9.85
finanzausgleich gemeinden,2,12,16.67%,3.25
durchschnittseinkommen 1955,2,12,16.67%,13.42
gehalt nach alter,2,11,18.18%,4.82
wahlresultat zürich,2,10,20%,1.9
vermögen nach alter schweiz,2,10,20%,3.8
generationen jahrgänge,2,10,20%,9.8
babyboom 2018,2,10,20%,10
airbnb statistiken,2,10,20%,10.5
wohnfläche preis pro m2,2,10,20%,11.7
suizid ertrinken,2,10,20%,61.1
günstigste steuergemeinde kanton zürich,2,9,22.22%,2
eigentalstrasse,2,9,22.22%,3
statistik wirtschaft,2,9,22.22%,5.44
wohnpreisindex,2,9,22.22%,5.89
interaktive tools,2,9,22.22%,6
männernamen schweiz,2,9,22.22%,11
wahl statistik,2,9,22.22%,31.33
durchschnittseinkommen kanton zürich,2,8,25%,1
gemeindeportrait,2,8,25%,1.75
religion steuererklärung,2,8,25%,2.25
namen statistik 2018,2,8,25%,2.88
grundstück preise,2,8,25%,3.88
namenstabelle,2,8,25%,4.88
statistische lebenserwartung frauen,2,8,25%,7.25
sozialamt berechnung sozialhilfe,2,7,28.57%,3.71
niederschläge 2003,2,7,28.57%,4.29
wohnungen leerstand,2,7,28.57%,7.71
statistik wahlen,2,7,28.57%,23
immobilienpreise nach region,2,6,33.33%,9
zürich namen,2,5,40%,1.4
zürich bip,2,4,50%,1
kanton zürich ausländeranteil,2,4,50%,2.75
unfallstatistik auto alter,2,4,50%,2.75
eigentumswohnung preis,2,4,50%,6.25
mädchenname schweiz,2,4,50%,16.75
ausländeranteil gemeinden zürich,2,3,66.67%,1
bauplatz qm preis,2,3,66.67%,1
durchschnittslohn kanton zürich,2,3,66.67%,1
durchschnittsgehalt nach alter,2,2,100%,2
bodenrichtwerte,2,2,100%,3
loc,1,5318,0.02%,9.54
simon keller,1,1026,0.1%,11.72
verkehrsunfälle schweiz,1,831,0.12%,8.91
einwohnerzahl stadt zürich,1,789,0.13%,9.72
jahrbuch,1,724,0.14%,6.7
zurich einwohner,1,695,0.14%,9.15
babyboom,1,665,0.15%,8.73
stadt im kanton zürich,1,578,0.17%,8.9
zürich verkehr,1,362,0.28%,10.25
motorisierungsgrad,1,358,0.28%,9.51
einwohner in zürich,1,316,0.32%,7.53
verkehr,1,315,0.32%,11.55
visualisierungen,1,314,0.32%,32.95
vornamenliste,1,304,0.33%,41.48
einwohner zurich,1,303,0.33%,8.92
wohnungen zürich,1,260,0.38%,43.1
einwohnerzahl von zürich,1,259,0.39%,7.96
immobilien statistik,1,259,0.39%,33.34
newsletter,1,257,0.39%,8.81
baby boom,1,256,0.39%,10.7
lohnrechner admin,1,255,0.39%,26.69
baby-boomer,1,254,0.39%,8.66
gemeinden im kanton zürich,1,250,0.4%,6.66
zürich regionen,1,245,0.41%,7.55
wie viele einwohner hat zürich 2018,1,241,0.41%,6.93
dienstleistungen,1,219,0.46%,11.82
pendler,1,213,0.47%,9.58
preisindex,1,213,0.47%,9.58
durchschnittslohn,1,203,0.49%,8.54
geburten zürich,1,199,0.5%,9.66
agglo zürich,1,189,0.53%,8.26
demografie,1,180,0.56%,9.58
kanton,1,177,0.56%,14.04
einwohnerzahl stadt zürich 2017,1,167,0.6%,7.75
kanton zürich regionen,1,163,0.61%,4.69
zurich kanton,1,163,0.61%,5.02
durchschnittsalter heirat schweiz,1,161,0.62%,9.18
vornamen jungen,1,161,0.62%,53.03
vernehmlassung kanton zürich,1,157,0.64%,5.52
awn schweiz,1,156,0.64%,6.74
einwohner von zürich,1,155,0.65%,7.29
statistikamt schweiz,1,152,0.66%,4.43
zürcher gemeinden,1,148,0.68%,4.39
zürich anzahl einwohner,1,144,0.69%,6.45
steuerfuss definition,1,141,0.71%,7.85
anzahl studierende schweiz,1,139,0.72%,9.53
kanton zürich abstimmungen 2018,1,138,0.72%,2.67
wie viele menschen leben in zürich,1,138,0.72%,7.94
immobilienbewirtschafter lohn,1,137,0.73%,26.39
wahlen in zürich,1,132,0.76%,7.58
wiesendangen einwohner,1,131,0.76%,9.25